run_a,run_b,split,status,n,auc_a,auc_b,delta_auc,delta_auc_ci_low,delta_auc_ci_high,delong_z,delong_p,eer_a,eer_b,delta_eer_ci_low,delta_eer_ci_high,acc_a,acc_b,mcnemar_a_right_b_wrong,mcnemar_a_wrong_b_right,mcnemar_p,protocol,delong_p_holm
bscan_controlled__P1__seed42,lfcc_only__P1__seed42,internal_test,real,2998,0.999884290216159,0.999959946613286,-7.565639712692196e-05,-0.0001704662442818,-8.92425361287419e-07,-1.7972159117561903,0.0723013494310463,0.0073382254836557,0.0020013342228152,0.0006666666666666,0.0073284477015323,0.9926617745163442,0.9976651100733822,3,18,0.0014896392822265,P1,0.5061094460173243
bscan_controlled__P1__seed42,lfcc_only__P1__seed42,external_BF-MOZ,real,5594,0.989111948817934,0.9848956483202737,0.0042163004976603,0.0013187411329545,0.0071308909170137,2.9106741494143056,0.0036064992070452,0.0547014658562745,0.0454057919199141,0.0035752592062924,0.0157311405076868,0.9229531641043976,0.9467286378262424,30,163,2.5077497013114968e-23,P1,0.0072129984140905
bscan_controlled__P1__seed42,lfcc_only__P1__seed42,external_MEN,real,4500,0.5390403950617283,0.6517343209876542,-0.1126939259259258,-0.1461215703703702,-0.0803989111111111,-20.622229305298983,1.733823863461713e-94,0.5091111111111111,0.3682666666666667,0.1072120370370369,0.1640037037037037,0.4948888888888889,0.4717777777777778,372,268,4.50805985627065e-05,P1,8.669119317308566e-94
bscan_controlled__P1__seed42,mel_only__P1__seed42,internal_test,real,2998,0.999884290216159,0.9994773033033808,0.000406986912778,8.527244409926582e-05,0.0008478472741137,2.1091364538554536,0.0349328050771044,0.0073382254836557,0.0073382254836557,-0.0053703851952661,0.0033311125916055,0.9926617745163442,0.9926617745163442,21,21,1.0,P1,0.3042024839287661
bscan_controlled__P1__seed42,mel_only__P1__seed42,external_BF-MOZ,real,5594,0.989111948817934,0.998404938433832,-0.0092929896158979,-0.0114200483458897,-0.0073292030802195,-8.580286016086719,9.463752780909963e-18,0.0547014658562745,0.0135859849839112,0.0343224883804076,0.0475509474436896,0.9229531641043976,0.9494100822309618,185,333,7.904970263758341e-11,P1,3.785501112363985e-17
bscan_controlled__P1__seed42,mel_only__P1__seed42,external_MEN,real,4500,0.5390403950617283,0.825300049382716,-0.2862596543209876,-0.3438433407407407,-0.2293221654320988,-30.641785137582396,3.400126908182526e-206,0.5091111111111111,0.2651111111111111,0.1778644444444444,0.3043577777777778,0.4948888888888889,0.6213333333333333,881,1450,2.9455416519681895e-32,P1,2.7201015265460212e-205
bscan_controlled__P1__seed42,mfcc_only__P1__seed42,internal_test,real,2998,0.999884290216159,0.9991884738814087,0.0006958163347501,0.0002954394110571,0.0012112945551183,2.9841776658805097,0.0028434161576358,0.0073382254836557,0.0133422281521014,-0.0120160213618157,-0.0019946808510638,0.9926617745163442,0.9873248832555036,34,18,0.0364834000083598,P1,0.0341209938916301
bscan_controlled__P1__seed42,mfcc_only__P1__seed42,external_BF-MOZ,real,5594,0.989111948817934,0.9996033596954906,-0.0104914108775566,-0.0124679495332413,-0.0086571444019966,-10.176831587252323,2.516209874820415e-24,0.0547014658562745,0.0085806220951019,0.0400429031104755,0.0525563103324991,0.9229531641043976,0.9899892742223813,26,401,1.7311938004732809e-87,P1,2.0129678998563327e-23
bscan_controlled__P1__seed42,mfcc_only__P1__seed42,external_MEN,real,4500,0.5390403950617283,0.1882071111111111,0.3508332839506172,0.3143188197530863,0.388572950617284,47.017719332657165,0.0,0.5091111111111111,0.7568888888888889,-0.2843577777777778,-0.2186574074074074,0.4948888888888889,0.2508888888888889,1216,118,3.5694869679382028e-230,P1,0.0
bscan_controlled__P1__seed42,mel_mfcc__P1__seed42,internal_test,real,2998,0.999884290216159,0.9996357366997168,0.0002485535164422,-4.699839427499963e-05,0.0007135048825573,1.291369674069044,0.1965755211344956,0.0073382254836557,0.0060040026684456,-0.004,0.004,0.9926617745163442,0.9943295530353568,13,18,0.4731296598911285,P1,1.0
bscan_controlled__P1__seed42,mel_mfcc__P1__seed42,external_BF-MOZ,real,5594,0.989111948817934,0.999596393244767,-0.010484444426833,-0.0124688043614838,-0.0087076367894555,-10.15924698159193,3.0139519876662076e-24,0.0547014658562745,0.0067929924919556,0.0421880586342509,0.0543439399356453,0.9229531641043976,0.9869503038970324,34,392,2.777506076623801e-78,P1,2.1097663913663457e-23
bscan_controlled__P1__seed42,mel_mfcc__P1__seed42,external_MEN,real,4500,0.5390403950617283,0.1853618765432099,0.3536785185185184,0.3141490271604937,0.3948773851851853,49.11336712482853,0.0,0.5091111111111111,0.7595555555555555,-0.297336507936508,-0.2118444444444445,0.4948888888888889,0.216,1340,85,7.515743330708537e-291,P1,0.0
bscan_controlled__P1__seed42,dual_no_se__P1__seed42,internal_test,real,2998,0.999884290216159,0.9999846462017596,-0.0001003559856005,-0.0001955562374219,-3.155870423174894e-05,-2.470246477975925,0.0135019985857209,0.0073382254836557,0.0026684456304202,0.0006648825722767,0.0073334556370913,0.9926617745163442,0.9973315543695798,6,20,0.0093553066253662,P1,0.135019985857209
bscan_controlled__P1__seed42,dual_no_se__P1__seed42,external_BF-MOZ,real,5594,0.989111948817934,0.9886620694909212,0.0004498793270129,-0.0023066429645431,0.0032737652796952,0.3202542883345066,0.748775572315686,0.0547014658562745,0.0425455845548802,0.00643189131212,0.0190710284828983,0.9229531641043976,0.9452985341437254,64,189,1.6588626107869562e-15,P1,0.748775572315686
bscan_controlled__P1__seed42,dual_no_se__P1__seed42,external_MEN,real,4500,0.5390403950617283,0.6998736790123458,-0.1608332839506174,-0.1939478938271605,-0.1284225456790123,-29.021371958141852,3.536789363027581e-185,0.5091111111111111,0.3539259259259259,0.1213288888888888,0.1820018518518517,0.4948888888888889,0.5966666666666667,173,631,5.902133212071922e-62,P1,2.4757525541193065e-184
bscan_controlled__P1__seed42,dual_no_tattn__P1__seed42,internal_test,real,2998,0.999884290216159,0.999917223000791,-3.293278463201155e-05,-0.0001490937492832,0.0001391789754155,-0.4558853735438911,0.6484724078828872,0.0073382254836557,0.0026684456304202,0.0013333333333334,0.0066712254097302,0.9926617745163442,0.9976651100733822,0,15,6.103515625e-05,P1,1.0
bscan_controlled__P1__seed42,dual_no_tattn__P1__seed42,external_BF-MOZ,real,5594,0.989111948817934,0.9767835040582452,0.0123284447596887,0.0087315783714842,0.0162848966453534,6.77729633643885,1.2244557776698256e-11,0.0547014658562745,0.055416517697533,-0.0067952270289596,0.0053628888094386,0.9229531641043976,0.9419020378977476,48,154,3.743230154945322e-14,P1,3.6733673330094766e-11
bscan_controlled__P1__seed42,dual_no_tattn__P1__seed42,external_MEN,real,4500,0.5390403950617283,0.4085356049382715,0.1305047901234567,0.1018786592592592,0.1603840074074074,26.14523249551331,1.1165650186207852e-150,0.5091111111111111,0.5831111111111111,-0.1004444444444444,-0.0528873015873015,0.4948888888888889,0.394,562,108,6.819102153458679e-75,P1,6.69939011172471e-150
bscan_controlled__P1__seed42,dual_plain__P1__seed42,internal_test,real,2998,0.999884290216159,0.999807743743772,7.654647238686252e-05,-9.50496724847344e-05,0.0003552900671406,0.660633891873242,0.5088471285360188,0.0073382254836557,0.0033355570380253,0.0,0.0060040026684455,0.9926617745163442,0.9969979986657772,1,14,0.0009765625,P1,1.0
bscan_controlled__P1__seed42,dual_plain__P1__seed42,external_BF-MOZ,real,5594,0.989111948817934,0.9582606063573144,0.0308513424606196,0.0258575748775215,0.0361050417418222,12.210434285577222,2.7342577172652094e-34,0.0547014658562745,0.0854486950303897,-0.0375432010487426,-0.0243117626027886,0.9229531641043976,0.9097247050411156,136,62,1.542147951237064e-07,P1,3.0076834889917306e-33
bscan_controlled__P1__seed42,dual_plain__P1__seed42,external_MEN,real,4500,0.5390403950617283,0.5556297283950616,-0.0165893333333333,-0.0468148617283951,0.0157226962962962,-3.1411571884165417,0.0016828168731141,0.5091111111111111,0.4675555555555555,0.0142148148148148,0.0604444444444444,0.4948888888888889,0.4764444444444444,342,259,0.0008092639202514,P1,0.0016828168731141
bscan_controlled__P1__seed42,lcnn_lfcc__P1__seed42,internal_test,real,2998,0.999884290216159,0.9999919893226572,-0.0001076991064981,-0.0002044649503861,-3.738191524316204e-05,-2.5529106261908514,0.0106826904128911,0.0073382254836557,0.0020013342228152,0.0013342005781631,0.0080053368912608,0.9926617745163442,0.9983322214809872,3,20,0.00048828125,P1,0.1175095945418027
bscan_controlled__P1__seed42,lcnn_lfcc__P1__seed42,external_BF-MOZ,real,5594,0.989111948817934,0.9527300114313704,0.0363819373865634,0.0310679143942083,0.0419087934375777,13.021780190793104,9.200072714646839e-39,0.0547014658562745,0.0900965319985699,-0.0432606363961387,-0.0275294958884519,0.9229531641043976,0.8855917053986414,287,78,3.2306536760873247e-29,P1,1.1040087257576206e-37
bscan_controlled__P1__seed42,lcnn_lfcc__P1__seed42,external_MEN,real,4500,0.5390403950617283,0.4021442962962962,0.136896098765432,0.0989896222222222,0.1770411506172839,19.698451171184715,2.2231756144640756e-86,0.5091111111111111,0.5680000000000001,-0.0978566666666666,-0.0328805555555554,0.4948888888888889,0.4657777777777778,467,336,4.28133237661857e-06,P1,8.892702457856302e-86
bscan_controlled__P1__seed42,lfcc_gmm_controlled__P1__seed42,internal_test,real,2998,0.999884290216159,0.999920783301832,-3.649308567310605e-05,-0.0001651043198298,0.0001163244264964,-0.5275833201160125,0.5977885725013592,0.0073382254836557,0.0033355570380253,-0.0006675678905653,0.0066755674232309,0.9926617745163442,0.9969979986657772,8,21,0.0241195447742939,P1,1.0
bscan_controlled__P1__seed42,lfcc_gmm_controlled__P1__seed42,external_BF-MOZ,real,5594,0.989111948817934,0.9993672673195872,-0.0102553185016531,-0.0122603876491091,-0.0083667201016873,-9.97805851368945,1.9015092362879656e-23,0.0547014658562745,0.0075080443332141,0.0411154808723631,0.053986414015016,0.9229531641043976,0.9946371111905612,27,428,5.599304092726429e-94,P1,1.1409055417727793e-22
bscan_controlled__P1__seed42,lfcc_gmm_controlled__P1__seed42,external_MEN,real,4500,0.5390403950617283,0.2862127407407407,0.2528276543209875,0.2115463456790124,0.2952450395061729,34.581113464597564,4.858144742524462e-262,0.5091111111111111,0.6817777777777778,-0.2148944444444444,-0.1368805555555555,0.4948888888888889,0.4951111111111111,547,548,1.0,P1,4.858144742524461e-261
bscan_controlled__P1__seed42,stats_hgb_controlled__P1__seed42,internal_test,real,2998,0.999884290216159,0.928180272282923,0.071704017933236,0.0633937149844652,0.0805972003706245,15.87946777303098,8.792124923674862e-57,0.0073382254836557,0.152768512341561,-0.1586666666666666,-0.1332445036642238,0.9926617745163442,0.8482321547698466,448,15,5.087960549797897e-112,P1,1.1429762400777318e-55
bscan_controlled__P1__seed42,stats_hgb_controlled__P1__seed42,external_BF-MOZ,real,5594,0.989111948817934,0.9535737828300382,0.0355381659878957,0.0295953025797981,0.041462801581806,11.552467678156042,7.173080923300431e-31,0.0547014658562745,0.1001072577761887,-0.055416517697533,-0.0353950661422953,0.9229531641043976,0.8945298534143725,507,348,6.009347305059819e-08,P1,7.173080923300429e-30
bscan_controlled__P1__seed42,stats_hgb_controlled__P1__seed42,external_MEN,real,4500,0.5390403950617283,0.4435342222222223,0.095506172839506,0.0293781654320987,0.1658550271604938,7.977135312695032,1.4976860924280557e-15,0.5091111111111111,0.5457777777777778,-0.1004444444444444,0.0117833333333333,0.4948888888888889,0.4955555555555556,561,564,0.9524550453237464,P1,2.9953721848561114e-15
bscan_controlled__P1__seed42,stats_hgb_orig6s__P1__seed42,internal_test,real,2998,0.999884290216159,0.999605696659681,0.0002785935564779,6.169548970479943e-05,0.000548903899806,2.122446319626007,0.0338002759920851,0.0073382254836557,0.010006671114076,-0.0086725930326493,0.0013360276703139,0.9926617745163442,0.9906604402935292,28,22,0.4798876616983278,P1,0.3042024839287661
bscan_controlled__P1__seed42,stats_hgb_orig6s__P1__seed42,external_BF-MOZ,real,5594,0.989111948817934,0.998679442157304,-0.0095674933393699,-0.0116733107858936,-0.0076361023973664,-8.76566762291328,1.8567305073176818e-18,0.0547014658562745,0.0121558813013943,0.0353950661422952,0.049696102967465,0.9229531641043976,0.982481229889167,91,424,2.202067016499531e-52,P1,9.283652536588409e-18
bscan_controlled__P1__seed42,stats_hgb_orig6s__P1__seed42,external_MEN,real,4500,0.5390403950617283,0.9475361975308642,-0.4084958024691358,-0.4678472962962963,-0.3460268469135802,-43.54593390955856,0.0,0.5091111111111111,0.1031111111111111,0.350211111111111,0.4497888888888889,0.4948888888888889,0.916,145,2040,0.0,P1,0.0
bscan_controlled__P1__seed42,bscan_orig6s__P1__seed42,internal_test,real,2998,0.999884290216159,0.9999132176621194,-2.892744596039165e-05,-0.0001478052635608,0.0001023620725869,-0.4802762799331896,0.6310309530541692,0.0073382254836557,0.0026684456304202,0.0,0.0073333333333333,0.9926617745163442,0.9976651100733822,5,20,0.0040773153305053,P1,1.0
bscan_controlled__P1__seed42,bscan_orig6s__P1__seed42,external_BF-MOZ,real,5594,0.989111948817934,1.0,-0.010888051182066,-0.0128831100511312,-0.0090478744080592,-10.475360800159374,1.1210928273663164e-25,0.0547014658562745,0.0,0.0489810511262066,0.0611369324276009,0.9229531641043976,0.9987486592777975,4,428,2.604990331273581e-121,P1,1.0089835446296848e-24
bscan_controlled__P1__seed42,bscan_orig6s__P1__seed42,external_MEN,real,4500,0.5390403950617283,0.6071345185185185,-0.0680941234567902,-0.1102690469135802,-0.0252570098765432,-8.985124865336251,2.584406744315099e-19,0.5091111111111111,0.4408888888888889,0.0298861111111111,0.1057805555555555,0.4948888888888889,0.5897777777777777,346,773,4.720203260534328e-38,P1,7.753220232945297e-19
bscan_controlled__P1__seed42,ssl_xlsr_probe__P1__seed42,internal_test,real,2998,0.999884290216159,0.999852247506788,3.2042709370960765e-05,-0.0001800454464431,0.0003711638824141,0.221781749111789,0.82448378776599,0.0073382254836557,0.0020013342228152,0.001333311125916,0.0080106809078771,0.9926617745163442,0.9979986657771848,5,21,0.0024939179420471,P1,1.0
bscan_controlled__P1__seed42,ssl_xlsr_probe__P1__seed42,external_BF-MOZ,real,5594,0.989111948817934,0.7994108300059478,0.1897011188119861,0.1769976936574236,0.2028315378638102,29.404944178052016,4.74783734321399e-190,0.0547014658562745,0.2474079370754379,-0.2048623525205577,-0.1801930639971398,0.9229531641043976,0.667322130854487,1477,47,0.0,P1,6.172188546178187e-189
bscan_controlled__P1__seed42,ssl_xlsr_probe__P1__seed42,external_MEN,real,4500,0.5390403950617283,0.8401096296296294,-0.3010692345679011,-0.3542954444444444,-0.2466322790123456,-32.81509964006864,3.5861999456916273e-236,0.5091111111111111,0.24,0.2204444444444444,0.3080111111111111,0.4948888888888889,0.6862222222222222,953,1814,4.7026566141589184e-61,P1,3.2275799511224655e-235
