split,condition,n,auc,eer,accuracy,sensitivity,specificity,mean_score_shift_bonafide,mean_score_shift_spoof,decision_flip_rate,share_input_changed,decision_flip_rate_changed,share_clipped_bonafide,share_clipped_spoof,run,status
external_BF-MOZ,clean,600,0.9891333333333332,0.0533333333333333,0.925,0.9933333333333332,0.8566666666666667,0.0,0.0,0.0,0.0,,,,bscan_controlled__P1__seed42,real
external_MEN,clean,600,0.5583222222222223,0.5,0.505,0.27,0.74,0.0,0.0,0.0,0.0,,,,bscan_controlled__P1__seed42,real
internal_test,clean,600,0.9999,0.0066666666666666,0.9933333333333332,0.9933333333333332,0.9933333333333332,0.0,0.0,0.0,0.0,,,,bscan_controlled__P1__seed42,real
external_BF-MOZ,noise_snr20,600,0.6814777777777777,0.38,0.5016666666666667,1.0,0.0033333333333333,17.18524526019891,-0.4961336549123128,0.43,1.0,0.43,,,bscan_controlled__P1__seed42,real
external_MEN,noise_snr20,600,0.9431333333333332,0.12,0.555,1.0,0.11,10.612328054557244,13.31199923073252,0.68,1.0,0.68,,,bscan_controlled__P1__seed42,real
internal_test,noise_snr20,600,0.8598444444444445,0.2066666666666666,0.5,1.0,0.0,19.040869648555915,-0.4893248724937439,0.5,1.0,0.5,,,bscan_controlled__P1__seed42,real
external_BF-MOZ,noise_snr10,600,0.1684333333333333,0.77,0.5,1.0,0.0,14.995388155579567,-4.3687206570307415,0.4316666666666666,1.0,0.4316666666666666,,,bscan_controlled__P1__seed42,real
external_MEN,noise_snr10,600,0.9288444444444444,0.1433333333333333,0.52,1.0,0.04,9.701168393467864,10.76203043654561,0.715,1.0,0.715,,,bscan_controlled__P1__seed42,real
internal_test,noise_snr10,600,0.8367333333333333,0.23,0.5,1.0,0.0,15.832532350520292,-4.341112411816915,0.5,1.0,0.5,,,bscan_controlled__P1__seed42,real
external_BF-MOZ,noise_snr5,600,0.0946777777777777,0.85,0.5,1.0,0.0,13.466730470061302,-6.11766395409902,0.4316666666666666,1.0,0.4316666666666666,,,bscan_controlled__P1__seed42,real
external_MEN,noise_snr5,600,0.8816777777777777,0.2,0.505,1.0,0.01,8.854422097702821,8.815539203037819,0.73,1.0,0.73,,,bscan_controlled__P1__seed42,real
internal_test,noise_snr5,600,0.7742777777777778,0.2966666666666667,0.5,1.0,0.0,14.450712991456191,-6.148897893428803,0.5,1.0,0.5,,,bscan_controlled__P1__seed42,real
external_BF-MOZ,mp3_64k,600,0.0350333333333333,0.89,0.4516666666666666,0.0,0.9033333333333332,-3.6739168592045703,-36.80417060693105,0.52,1.0,0.52,,,bscan_controlled__P1__seed42,real
external_MEN,mp3_64k,600,0.8270111111111111,0.2433333333333333,0.5,0.0066666666666666,0.9933333333333332,-16.142656037112076,-8.685073520789544,0.2616666666666666,1.0,0.2616666666666666,,,bscan_controlled__P1__seed42,real
internal_test,mp3_64k,600,0.6448,0.3966666666666666,0.5,0.0,1.0,-16.709475764930247,-35.238535834153495,0.5,1.0,0.5,,,bscan_controlled__P1__seed42,real
external_BF-MOZ,mp3_32k,600,0.0345999999999999,0.9066666666666666,0.4583333333333333,0.0,0.9166666666666666,-5.738753233452638,-40.74814576625824,0.5266666666666666,1.0,0.5266666666666666,,,bscan_controlled__P1__seed42,real
external_MEN,mp3_32k,600,0.8345,0.2466666666666666,0.5,0.0,1.0,-19.33996414192021,-11.159546255717675,0.265,1.0,0.265,,,bscan_controlled__P1__seed42,real
internal_test,mp3_32k,600,0.685288888888889,0.3733333333333333,0.5,0.0,1.0,-21.635911191006503,-39.09545173088709,0.5,1.0,0.5,,,bscan_controlled__P1__seed42,real
external_BF-MOZ,aac_32k,600,0.9756555555555556,0.08,0.91,0.9733333333333334,0.8466666666666667,0.8241161859035492,-0.7367133788267771,0.025,1.0,0.025,,,bscan_controlled__P1__seed42,real
external_MEN,aac_32k,600,0.5727888888888888,0.4866666666666667,0.5183333333333333,0.3233333333333333,0.7133333333333334,0.7365162431448699,0.8861809796343247,0.09,1.0,0.09,,,bscan_controlled__P1__seed42,real
internal_test,aac_32k,600,0.9974444444444444,0.02,0.9783333333333334,0.9833333333333332,0.9733333333333334,1.7454310408234597,-0.612072631518046,0.0216666666666666,1.0,0.0216666666666666,,,bscan_controlled__P1__seed42,real
external_BF-MOZ,telephone,600,0.5705111111111112,0.42,0.5033333333333333,0.99,0.0166666666666666,16.19697369734446,-1.581542499884963,0.4283333333333333,1.0,0.4283333333333333,,,bscan_controlled__P1__seed42,real
external_MEN,telephone,600,0.8530444444444444,0.2366666666666666,0.5333333333333333,0.99,0.0766666666666666,10.833771154930194,13.629007633080086,0.6916666666666667,1.0,0.6916666666666667,,,bscan_controlled__P1__seed42,real
internal_test,telephone,600,0.6860666666666667,0.3666666666666667,0.5066666666666667,0.9933333333333332,0.02,18.877911585544545,-1.068572552526991,0.4933333333333333,1.0,0.4933333333333333,,,bscan_controlled__P1__seed42,real
external_BF-MOZ,clip_+6dB,600,0.9942333333333332,0.0333333333333333,0.9383333333333334,0.99,0.8866666666666667,-1.1578589362899463,-0.1537150597572326,0.0333333333333333,0.635,0.0524934383202099,0.9833333333333332,0.2866666666666667,bscan_controlled__P1__seed42,real
external_MEN,clip_+6dB,600,0.4712222222222222,0.5666666666666667,0.4516666666666666,0.1433333333333333,0.76,-0.0808799219131469,-1.7979866007963816,0.12,0.7616666666666667,0.1575492341356674,0.5233333333333333,1.0,bscan_controlled__P1__seed42,real
internal_test,clip_+6dB,600,0.999788888888889,0.01,0.9933333333333332,0.99,0.9966666666666668,-0.117747243642807,-0.3062953718503316,0.0033333333333333,0.2533333333333333,0.0131578947368421,0.1266666666666666,0.38,bscan_controlled__P1__seed42,real
external_BF-MOZ,speed_0.95,600,0.6019222222222222,0.4066666666666666,0.465,0.08,0.85,1.113166999022166,-16.56384556459884,0.4833333333333333,1.0,0.4833333333333333,,,bscan_controlled__P1__seed42,real
external_MEN,speed_0.95,600,0.6071777777777778,0.4533333333333333,0.5483333333333333,0.23,0.8666666666666667,-0.9527973325302204,-0.3803331454843283,0.1533333333333333,1.0,0.1533333333333333,,,bscan_controlled__P1__seed42,real
internal_test,speed_0.95,600,0.9608888888888888,0.0933333333333333,0.5616666666666666,0.1233333333333333,1.0,-1.5807917639613152,-15.814369433497388,0.4383333333333333,1.0,0.4383333333333333,,,bscan_controlled__P1__seed42,real
external_BF-MOZ,speed_1.05,600,0.8485111111111112,0.2233333333333333,0.7666666666666667,0.88,0.6533333333333333,4.081387475257118,-4.545561457599203,0.175,1.0,0.175,,,bscan_controlled__P1__seed42,real
external_MEN,speed_1.05,600,0.4803333333333333,0.5533333333333333,0.46,0.19,0.73,0.3890548765659332,-1.2861947459727523,0.1016666666666666,1.0,0.1016666666666666,,,bscan_controlled__P1__seed42,real
internal_test,speed_1.05,600,0.9972,0.0233333333333333,0.94,0.88,1.0,-0.3229192647337913,-4.75136209393541,0.06,1.0,0.06,,,bscan_controlled__P1__seed42,real
external_BF-MOZ,pitch_+1st,600,0.5281888888888888,0.5,0.465,0.37,0.56,6.162961990386248,-11.896969903235634,0.4766666666666667,1.0,0.4766666666666667,,,bscan_controlled__P1__seed42,real
external_MEN,pitch_+1st,600,0.6304222222222223,0.42,0.5233333333333333,0.26,0.7866666666666666,-0.0794392757366101,0.3865939924369255,0.195,1.0,0.195,,,bscan_controlled__P1__seed42,real
internal_test,pitch_+1st,600,0.913011111111111,0.1533333333333333,0.665,0.35,0.98,2.7678022521734236,-11.847488245405255,0.3316666666666666,1.0,0.3316666666666666,,,bscan_controlled__P1__seed42,real
external_BF-MOZ,pitch_-1st,600,0.0360666666666666,0.89,0.3983333333333333,0.0,0.7966666666666666,1.3549549613396328,-31.65398854414622,0.5666666666666667,1.0,0.5666666666666667,,,bscan_controlled__P1__seed42,real
external_MEN,pitch_-1st,600,0.8736444444444444,0.1899999999999999,0.5283333333333333,0.08,0.9766666666666668,-12.721060977056622,-4.061219026967883,0.2566666666666666,1.0,0.2566666666666666,,,bscan_controlled__P1__seed42,real
internal_test,pitch_-1st,600,0.5737444444444444,0.4633333333333333,0.5,0.0,1.0,-10.388721360862256,-30.440168443520864,0.5,1.0,0.5,,,bscan_controlled__P1__seed42,real
external_BF-MOZ,reverb_rt0.3,600,0.9546222222222224,0.0966666666666666,0.8933333333333333,0.9866666666666668,0.8,2.326011006782452,-3.1409897789607446,0.0516666666666666,1.0,0.0516666666666666,,,bscan_controlled__P1__seed42,real
external_MEN,reverb_rt0.3,600,0.5839444444444444,0.4499999999999999,0.5366666666666666,0.3833333333333333,0.69,1.4798860133687657,1.4479579718162616,0.1816666666666666,1.0,0.1816666666666666,,,bscan_controlled__P1__seed42,real
internal_test,reverb_rt0.3,600,0.9844888888888887,0.06,0.8816666666666667,0.99,0.7733333333333333,7.130480209961534,-3.2364683511853216,0.1183333333333333,1.0,0.1183333333333333,,,bscan_controlled__P1__seed42,real
external_BF-MOZ,reverb_rt0.6,600,0.949177777777778,0.1,0.8966666666666666,0.9966666666666668,0.7966666666666666,3.459530965561668,-3.2398227590322493,0.055,1.0,0.055,,,bscan_controlled__P1__seed42,real
external_MEN,reverb_rt0.6,600,0.6273666666666667,0.43,0.5683333333333334,0.5666666666666667,0.57,2.9251226754734914,3.3579316512991984,0.28,1.0,0.28,,,bscan_controlled__P1__seed42,real
internal_test,reverb_rt0.6,600,0.9770444444444444,0.0733333333333333,0.7216666666666667,0.99,0.4533333333333333,10.22862679064274,-3.3088275924573343,0.2783333333333333,1.0,0.2783333333333333,,,bscan_controlled__P1__seed42,real
external_BF-MOZ,clean,600,0.9843555555555557,0.04,0.95,0.9966666666666668,0.9033333333333332,0.0,0.0,0.0,0.0,,,,lfcc_only__P1__seed42,real
external_MEN,clean,600,0.6420222222222223,0.3733333333333333,0.4683333333333333,0.11,0.8266666666666667,0.0,0.0,0.0,0.0,,,,lfcc_only__P1__seed42,real
internal_test,clean,600,0.9999,0.0066666666666666,0.995,0.9966666666666668,0.9933333333333332,0.0,0.0,0.0,0.0,,,,lfcc_only__P1__seed42,real
external_BF-MOZ,noise_snr20,600,0.2508333333333333,0.7066666666666667,0.5116666666666667,1.0,0.0233333333333333,31.653085557023683,1.8960173539320628,0.4416666666666666,1.0,0.4416666666666666,,,lfcc_only__P1__seed42,real
external_MEN,noise_snr20,600,0.8519444444444445,0.2166666666666666,0.5516666666666666,1.0,0.1033333333333333,22.603193471829098,25.72161772261063,0.8066666666666666,1.0,0.8066666666666666,,,lfcc_only__P1__seed42,real
internal_test,noise_snr20,600,0.8807666666666668,0.2,0.5066666666666667,1.0,0.0133333333333333,27.1323089936624,2.121640369494756,0.4916666666666666,1.0,0.4916666666666666,,,lfcc_only__P1__seed42,real
external_BF-MOZ,noise_snr10,600,0.1750333333333333,0.7566666666666666,0.5083333333333333,1.0,0.0166666666666666,29.248509580095607,-2.0846346724033356,0.445,1.0,0.445,,,lfcc_only__P1__seed42,real
external_MEN,noise_snr10,600,0.8405111111111111,0.2333333333333333,0.5466666666666666,1.0,0.0933333333333333,19.594554906686145,23.050660796264808,0.815,1.0,0.815,,,lfcc_only__P1__seed42,real
internal_test,noise_snr10,600,0.8532555555555555,0.2033333333333333,0.52,1.0,0.04,22.244486556599536,-1.8332037375370664,0.4783333333333333,1.0,0.4783333333333333,,,lfcc_only__P1__seed42,real
external_BF-MOZ,noise_snr5,600,0.1427222222222222,0.7866666666666666,0.505,0.9966666666666668,0.0133333333333333,27.86586615363757,-4.937389996821682,0.4483333333333333,1.0,0.4483333333333333,,,lfcc_only__P1__seed42,real
external_MEN,noise_snr5,600,0.8224555555555555,0.2533333333333333,0.5733333333333334,1.0,0.1466666666666666,18.139831558689476,21.648276709020134,0.7916666666666666,1.0,0.7916666666666666,,,lfcc_only__P1__seed42,real
internal_test,noise_snr5,600,0.7697777777777778,0.2933333333333333,0.5466666666666666,0.9933333333333332,0.1,19.553516888121763,-5.180560101966063,0.4483333333333333,1.0,0.4483333333333333,,,lfcc_only__P1__seed42,real
external_BF-MOZ,mp3_64k,600,0.1241222222222222,0.79,0.47,0.0,0.94,-4.355852825045585,-46.68960736632347,0.5166666666666667,1.0,0.5166666666666667,,,lfcc_only__P1__seed42,real
external_MEN,mp3_64k,600,0.8772,0.1933333333333333,0.4983333333333333,0.0,0.9966666666666668,-22.596477710207303,-10.011988836824894,0.14,1.0,0.14,,,lfcc_only__P1__seed42,real
internal_test,mp3_64k,600,0.7529555555555556,0.3033333333333333,0.5,0.0,1.0,-21.797302488485972,-45.001343934933345,0.5016666666666667,1.0,0.5016666666666667,,,lfcc_only__P1__seed42,real
external_BF-MOZ,mp3_32k,600,0.0911333333333333,0.83,0.4733333333333333,0.0,0.9466666666666668,-7.766183325052261,-54.66201654156049,0.52,1.0,0.52,,,lfcc_only__P1__seed42,real
external_MEN,mp3_32k,600,0.8650888888888889,0.2066666666666666,0.4983333333333333,0.0,0.9966666666666668,-28.538952677845955,-14.271503411829473,0.14,1.0,0.14,,,lfcc_only__P1__seed42,real
internal_test,mp3_32k,600,0.7853777777777777,0.29,0.5,0.0,1.0,-32.538874887625376,-52.91142882466316,0.5016666666666667,1.0,0.5016666666666667,,,lfcc_only__P1__seed42,real
external_BF-MOZ,aac_32k,600,0.9667888888888888,0.0766666666666666,0.9366666666666666,0.9933333333333332,0.88,1.5752512076497078,-1.2401264763871829,0.02,1.0,0.02,,,lfcc_only__P1__seed42,real
external_MEN,aac_32k,600,0.6338222222222222,0.3866666666666667,0.4716666666666667,0.1733333333333333,0.77,1.477226904630661,1.3734334807594617,0.08,1.0,0.08,,,lfcc_only__P1__seed42,real
internal_test,aac_32k,600,0.9976,0.0133333333333333,0.9833333333333332,0.99,0.9766666666666668,1.3279727310935656,-0.8385256786147753,0.015,1.0,0.015,,,lfcc_only__P1__seed42,real
external_BF-MOZ,telephone,600,0.3834111111111111,0.5766666666666667,0.5233333333333333,0.8866666666666667,0.16,23.7043980234613,-7.339870626181364,0.4266666666666667,1.0,0.4266666666666667,,,lfcc_only__P1__seed42,real
external_MEN,telephone,600,0.4228222222222222,0.5633333333333334,0.54,0.91,0.17,20.939949674606325,17.705118479753533,0.735,1.0,0.735,,,lfcc_only__P1__seed42,real
internal_test,telephone,600,0.7019111111111112,0.35,0.5883333333333334,0.9366666666666666,0.24,18.03683942223589,-6.071063166434566,0.41,1.0,0.41,,,lfcc_only__P1__seed42,real
external_BF-MOZ,clip_+6dB,600,0.9774444444444444,0.05,0.9516666666666668,0.9966666666666668,0.9066666666666666,-0.5971211886405945,-0.1910547465085983,0.015,0.635,0.0236220472440944,0.9833333333333332,0.2866666666666667,lfcc_only__P1__seed42,real
external_MEN,clip_+6dB,600,0.658088888888889,0.3666666666666666,0.4666666666666667,0.0733333333333333,0.86,-0.6765319311618805,-0.590431939760844,0.0583333333333333,0.7616666666666667,0.0765864332603938,0.5233333333333333,1.0,lfcc_only__P1__seed42,real
internal_test,clip_+6dB,600,0.9998444444444444,0.0066666666666666,0.9933333333333332,0.9933333333333332,0.9933333333333332,-0.1086956604321797,-0.3044639723499616,0.0016666666666666,0.2533333333333333,0.006578947368421,0.1266666666666666,0.38,lfcc_only__P1__seed42,real
external_BF-MOZ,speed_0.95,600,0.8762666666666667,0.1733333333333333,0.545,0.1666666666666666,0.9233333333333332,0.0068111555775006,-20.69536778231462,0.4316666666666666,1.0,0.4316666666666666,,,lfcc_only__P1__seed42,real
external_MEN,speed_0.95,600,0.7766333333333333,0.2766666666666666,0.4783333333333333,0.05,0.9066666666666666,-3.4203270105520884,-0.7844509558876356,0.11,1.0,0.11,,,lfcc_only__P1__seed42,real
internal_test,speed_0.95,600,0.9891333333333334,0.04,0.5783333333333334,0.1566666666666666,1.0,-0.8343383113543192,-20.740779390906297,0.4233333333333333,1.0,0.4233333333333333,,,lfcc_only__P1__seed42,real
external_BF-MOZ,speed_1.05,600,0.8284777777777778,0.2233333333333333,0.795,0.84,0.75,5.6776266403247915,-9.271185489346584,0.1616666666666666,1.0,0.1616666666666666,,,lfcc_only__P1__seed42,real
external_MEN,speed_1.05,600,0.5345666666666666,0.4666666666666667,0.3916666666666666,0.0666666666666666,0.7166666666666667,2.2552019647012154,-1.5852908657987912,0.12,1.0,0.12,,,lfcc_only__P1__seed42,real
internal_test,speed_1.05,600,0.9973555555555556,0.0233333333333333,0.9083333333333332,0.82,0.9966666666666668,-0.9735155256589254,-9.577147040789326,0.0933333333333333,1.0,0.0933333333333333,,,lfcc_only__P1__seed42,real
external_BF-MOZ,pitch_+1st,600,0.5704888888888888,0.4466666666666666,0.43,0.2233333333333333,0.6366666666666667,9.495627415776251,-20.272636585185925,0.5233333333333333,1.0,0.5233333333333333,,,lfcc_only__P1__seed42,real
external_MEN,pitch_+1st,600,0.7320222222222222,0.31,0.5166666666666667,0.1233333333333333,0.91,-2.743164466197292,-0.6120296089847883,0.145,1.0,0.145,,,lfcc_only__P1__seed42,real
internal_test,pitch_+1st,600,0.9191555555555556,0.1633333333333333,0.6116666666666667,0.2366666666666666,0.9866666666666668,0.6180553410450618,-20.355983086898924,0.3866666666666666,1.0,0.3866666666666666,,,lfcc_only__P1__seed42,real
external_BF-MOZ,pitch_-1st,600,0.1503666666666666,0.76,0.4233333333333333,0.0,0.8466666666666667,0.7056870129704476,-41.87643299778303,0.5433333333333333,1.0,0.5433333333333333,,,lfcc_only__P1__seed42,real
external_MEN,pitch_-1st,600,0.8948111111111111,0.17,0.515,0.05,0.98,-17.35476418952147,-4.544617744982243,0.15,1.0,0.15,,,lfcc_only__P1__seed42,real
internal_test,pitch_-1st,600,0.6266,0.4,0.5,0.0,1.0,-14.626850850582125,-40.80571328282356,0.5016666666666667,1.0,0.5016666666666667,,,lfcc_only__P1__seed42,real
external_BF-MOZ,reverb_rt0.3,600,0.9511666666666668,0.0866666666666666,0.9233333333333332,0.9833333333333332,0.8633333333333333,2.7053153986732164,-1.2278217362364132,0.04,1.0,0.04,,,lfcc_only__P1__seed42,real
external_MEN,reverb_rt0.3,600,0.6524555555555556,0.3633333333333333,0.4966666666666666,0.23,0.7633333333333333,1.9844369307160377,2.3117623393734297,0.1616666666666666,1.0,0.1616666666666666,,,lfcc_only__P1__seed42,real
internal_test,reverb_rt0.3,600,0.9830111111111112,0.07,0.8966666666666666,0.99,0.8033333333333333,7.859003543555737,-1.0944882281621298,0.1016666666666666,1.0,0.1016666666666666,,,lfcc_only__P1__seed42,real
external_BF-MOZ,reverb_rt0.6,600,0.9543444444444444,0.0833333333333333,0.925,0.9866666666666668,0.8633333333333333,2.515661627848943,-1.5253213659922282,0.0416666666666666,1.0,0.0416666666666666,,,lfcc_only__P1__seed42,real
external_MEN,reverb_rt0.6,600,0.6852444444444444,0.3466666666666667,0.5283333333333333,0.2333333333333333,0.8233333333333334,2.2959424390395484,3.217937403867642,0.14,1.0,0.14,,,lfcc_only__P1__seed42,real
internal_test,reverb_rt0.6,600,0.9745333333333334,0.09,0.8833333333333333,0.9833333333333332,0.7833333333333333,8.950459089949726,-1.5968113296230635,0.115,1.0,0.115,,,lfcc_only__P1__seed42,real
external_BF-MOZ,clean,600,0.9626222222222224,0.07,0.8916666666666667,1.0,0.7833333333333333,0.0,0.0,0.0,0.0,,,,lcnn_lfcc__P1__seed42,real
external_MEN,clean,600,0.4142444444444444,0.55,0.4516666666666666,0.1366666666666666,0.7666666666666667,0.0,0.0,0.0,0.0,,,,lcnn_lfcc__P1__seed42,real
internal_test,clean,600,0.9999888888888888,0.0033333333333332,0.9983333333333332,1.0,0.9966666666666668,0.0,0.0,0.0,0.0,,,,lcnn_lfcc__P1__seed42,real
external_BF-MOZ,noise_snr20,600,0.6448444444444444,0.3833333333333333,0.5016666666666667,1.0,0.0033333333333333,29.39443725069364,0.5163372564315796,0.39,1.0,0.39,,,lcnn_lfcc__P1__seed42,real
external_MEN,noise_snr20,600,0.7936111111111112,0.2733333333333333,0.5566666666666666,1.0,0.1133333333333333,21.652967433693508,33.39660997270296,0.7583333333333333,1.0,0.7583333333333333,,,lcnn_lfcc__P1__seed42,real
internal_test,noise_snr20,600,0.9412,0.1233333333333333,0.5016666666666667,1.0,0.0033333333333333,37.69362498084704,1.222571771144867,0.4966666666666666,1.0,0.4966666666666666,,,lcnn_lfcc__P1__seed42,real
external_BF-MOZ,noise_snr10,600,0.7547,0.2933333333333333,0.5,1.0,0.0,33.63121369540691,5.528954497973124,0.3916666666666666,1.0,0.3916666666666666,,,lcnn_lfcc__P1__seed42,real
external_MEN,noise_snr10,600,0.6082000000000001,0.4166666666666667,0.5,1.0,0.0,31.66589226058374,37.845157714275025,0.815,1.0,0.815,,,lcnn_lfcc__P1__seed42,real
internal_test,noise_snr10,600,0.7854777777777778,0.2966666666666667,0.5,1.0,0.0,46.7236239695549,6.057534765402476,0.4983333333333333,1.0,0.4983333333333333,,,lcnn_lfcc__P1__seed42,real
external_BF-MOZ,noise_snr5,600,0.5976777777777778,0.4366666666666666,0.5,1.0,0.0,38.403682529330254,8.390659184455872,0.3916666666666666,1.0,0.3916666666666666,,,lcnn_lfcc__P1__seed42,real
external_MEN,noise_snr5,600,0.658811111111111,0.39,0.5,1.0,0.0,36.94754602880528,43.41122858562817,0.815,1.0,0.815,,,lcnn_lfcc__P1__seed42,real
internal_test,noise_snr5,600,0.7596,0.31,0.5,1.0,0.0,49.97300779740016,8.701397960186005,0.4983333333333333,1.0,0.4983333333333333,,,lcnn_lfcc__P1__seed42,real
external_BF-MOZ,mp3_64k,600,0.1026888888888889,0.8266666666666667,0.425,0.0,0.85,-4.021692712828517,-51.35805703163147,0.5333333333333333,1.0,0.5333333333333333,,,lcnn_lfcc__P1__seed42,real
external_MEN,mp3_64k,600,0.5921333333333334,0.43,0.49,0.0066666666666666,0.9733333333333334,-20.438673791574935,-13.526872131638228,0.1716666666666666,1.0,0.1716666666666666,,,lcnn_lfcc__P1__seed42,real
internal_test,mp3_64k,600,0.8977333333333333,0.18,0.5,0.0,1.0,-15.589898658593496,-48.69578179279963,0.5016666666666667,1.0,0.5016666666666667,,,lcnn_lfcc__P1__seed42,real
external_BF-MOZ,mp3_32k,600,0.0532444444444444,0.88,0.4383333333333333,0.0,0.8766666666666667,-6.3091519056260585,-59.95067788600922,0.55,1.0,0.55,,,lcnn_lfcc__P1__seed42,real
external_MEN,mp3_32k,600,0.5874666666666667,0.4266666666666667,0.495,0.0033333333333333,0.9866666666666668,-24.936130756822724,-17.847165680341423,0.1766666666666666,1.0,0.1766666666666666,,,lcnn_lfcc__P1__seed42,real
internal_test,mp3_32k,600,0.845488888888889,0.2333333333333333,0.5,0.0,1.0,-24.790110050042472,-57.4891830499967,0.5016666666666667,1.0,0.5016666666666667,,,lcnn_lfcc__P1__seed42,real
external_BF-MOZ,aac_32k,600,0.9415333333333332,0.1133333333333332,0.875,1.0,0.75,2.388082454105218,-1.869993413289388,0.0266666666666666,1.0,0.0266666666666666,,,lcnn_lfcc__P1__seed42,real
external_MEN,aac_32k,600,0.4004666666666666,0.5733333333333333,0.4683333333333333,0.1833333333333333,0.7533333333333333,3.265020994258424,2.644130203264455,0.0566666666666666,1.0,0.0566666666666666,,,lcnn_lfcc__P1__seed42,real
internal_test,aac_32k,600,0.9999444444444444,0.0033333333333333,0.9983333333333332,1.0,0.9966666666666668,3.955394761065642,-1.1388797231515249,0.0033333333333333,1.0,0.0033333333333333,,,lcnn_lfcc__P1__seed42,real
external_BF-MOZ,telephone,600,0.4651666666666667,0.5266666666666666,0.57,0.9866666666666668,0.1533333333333333,24.139957929601273,-6.599765130678812,0.3216666666666666,1.0,0.3216666666666666,,,lcnn_lfcc__P1__seed42,real
external_MEN,telephone,600,0.4081888888888889,0.5633333333333334,0.5166666666666667,0.86,0.1733333333333333,25.123445802840095,26.690531033376853,0.6616666666666666,1.0,0.6616666666666666,,,lcnn_lfcc__P1__seed42,real
internal_test,telephone,600,0.8017333333333333,0.28,0.5983333333333334,1.0,0.1966666666666666,30.782787691901127,-4.823221590916316,0.4,1.0,0.4,,,lcnn_lfcc__P1__seed42,real
external_BF-MOZ,clip_+6dB,600,0.9695888888888888,0.0633333333333333,0.905,1.0,0.81,-0.9428767572840054,-0.2431153424580892,0.0233333333333333,0.635,0.0367454068241469,0.9833333333333332,0.2866666666666667,lcnn_lfcc__P1__seed42,real
external_MEN,clip_+6dB,600,0.4019888888888889,0.56,0.4333333333333333,0.0833333333333333,0.7833333333333333,-0.3943739898751179,-0.9153091455623508,0.0616666666666666,0.7616666666666667,0.0809628008752735,0.5233333333333333,1.0,lcnn_lfcc__P1__seed42,real
internal_test,clip_+6dB,600,0.9999888888888888,0.0033333333333332,0.9983333333333332,1.0,0.9966666666666668,-0.1100358708699544,-0.5281139198939006,0.0,0.2533333333333333,0.0,0.1266666666666666,0.38,lcnn_lfcc__P1__seed42,real
external_BF-MOZ,speed_0.95,600,0.6288666666666667,0.3666666666666667,0.4516666666666666,0.12,0.7833333333333333,-0.0368615827957789,-27.979296559393404,0.4866666666666667,1.0,0.4866666666666667,,,lcnn_lfcc__P1__seed42,real
external_MEN,speed_0.95,600,0.4698444444444444,0.52,0.485,0.1233333333333333,0.8466666666666667,-2.918082094627122,0.2689921648303667,0.1166666666666666,1.0,0.1166666666666666,,,lcnn_lfcc__P1__seed42,real
internal_test,speed_0.95,600,0.9912777777777776,0.05,0.5616666666666666,0.1233333333333333,1.0,-0.54310742298762,-26.59752336150656,0.44,1.0,0.44,,,lcnn_lfcc__P1__seed42,real
external_BF-MOZ,speed_1.05,600,0.7952666666666667,0.2466666666666667,0.775,0.92,0.63,5.3078436240802205,-10.09299368203928,0.14,1.0,0.14,,,lcnn_lfcc__P1__seed42,real
external_MEN,speed_1.05,600,0.3234555555555556,0.6233333333333333,0.4066666666666667,0.1466666666666666,0.6666666666666666,4.286099392324686,-1.3286481426780423,0.1083333333333333,1.0,0.1083333333333333,,,lcnn_lfcc__P1__seed42,real
internal_test,speed_1.05,600,0.9988666666666668,0.01,0.945,0.89,1.0,0.155794481386741,-10.668756930728753,0.0566666666666666,1.0,0.0566666666666666,,,lcnn_lfcc__P1__seed42,real
external_BF-MOZ,pitch_+1st,600,0.5968444444444445,0.4233333333333333,0.6,0.6433333333333333,0.5566666666666666,9.201109729160866,-17.623551527348656,0.3116666666666666,1.0,0.3116666666666666,,,lcnn_lfcc__P1__seed42,real
external_MEN,pitch_+1st,600,0.5155000000000001,0.47,0.4633333333333333,0.1666666666666666,0.76,-1.7564273680125673,2.518275505838295,0.1183333333333333,1.0,0.1183333333333333,,,lcnn_lfcc__P1__seed42,real
internal_test,pitch_+1st,600,0.9704555555555556,0.0866666666666666,0.8216666666666667,0.6633333333333333,0.98,5.003231189846993,-16.443603332738082,0.18,1.0,0.18,,,lcnn_lfcc__P1__seed42,real
external_BF-MOZ,pitch_-1st,600,0.1231777777777777,0.8066666666666666,0.3433333333333333,0.0,0.6866666666666666,4.40579740917931,-43.65218698342641,0.5816666666666667,1.0,0.5816666666666667,,,lcnn_lfcc__P1__seed42,real
external_MEN,pitch_-1st,600,0.6963555555555555,0.37,0.535,0.11,0.96,-12.686916550124684,-0.482068615766863,0.1833333333333333,1.0,0.1833333333333333,,,lcnn_lfcc__P1__seed42,real
internal_test,pitch_-1st,600,0.7111000000000001,0.36,0.5016666666666667,0.0033333333333333,1.0,-2.522346597512563,-42.02035478830337,0.5,1.0,0.5,,,lcnn_lfcc__P1__seed42,real
external_BF-MOZ,reverb_rt0.3,600,0.9180333333333336,0.1433333333333333,0.8316666666666667,0.9833333333333332,0.68,3.6816540703177454,0.0098867479960123,0.0733333333333333,1.0,0.0733333333333333,,,lcnn_lfcc__P1__seed42,real
external_MEN,reverb_rt0.3,600,0.5271777777777777,0.4733333333333333,0.51,0.2066666666666666,0.8133333333333334,-0.7750894130642215,5.036421458510061,0.1283333333333333,1.0,0.1283333333333333,,,lcnn_lfcc__P1__seed42,real
internal_test,reverb_rt0.3,600,0.9963555555555555,0.0333333333333333,0.9516666666666668,0.99,0.9133333333333332,9.500291022459663,0.3620593774318695,0.05,1.0,0.05,,,lcnn_lfcc__P1__seed42,real
external_BF-MOZ,reverb_rt0.6,600,0.9373444444444444,0.11,0.8583333333333333,1.0,0.7166666666666667,4.907345573802789,4.338557120164236,0.0633333333333333,1.0,0.0633333333333333,,,lcnn_lfcc__P1__seed42,real
external_MEN,reverb_rt0.6,600,0.5795333333333333,0.4466666666666666,0.5783333333333334,0.3433333333333333,0.8133333333333334,1.6613235476364692,9.918705672907333,0.1833333333333333,1.0,0.1833333333333333,,,lcnn_lfcc__P1__seed42,real
internal_test,reverb_rt0.6,600,0.9961222222222222,0.03,0.8933333333333333,1.0,0.7866666666666666,15.30037455658118,4.556991007328033,0.105,1.0,0.105,,,lcnn_lfcc__P1__seed42,real
