scheme,protocol,split,auc
orig6s,P1,internal_test,0.9996
orig6s,P1,external_BF-MOZ,0.9987
orig6s,P1,external_MEN,0.9475
orig6s,P2,internal_test,0.9977
orig6s,P2,external_BF-SUST,0.9693
orig6s,P2,external_BF-MOZ,0.9921
trim_repeat,P1,internal_test,0.9978
trim_repeat,P1,external_BF-MOZ,0.9998
trim_repeat,P1,external_MEN,0.9412
trim_repeat,P2,internal_test,0.9971
trim_repeat,P2,external_BF-SUST,0.9826
trim_repeat,P2,external_BF-MOZ,0.9953
controlled,P1,internal_test,0.9259
controlled,P1,external_BF-MOZ,0.9533
controlled,P1,external_MEN,0.4436
controlled,P2,internal_test,0.9893
controlled,P2,external_BF-SUST,0.5829
controlled,P2,external_BF-MOZ,0.8826
