model,train,test,auc,status
bscan_controlled,BF-SUST,BF-SUST,0.9999334668742916,real
bscan_controlled,BF-SUST,BF-MOZ,0.9943501658547876,real
bscan_controlled,BF-SUST,MEN,0.6029911769547326,real
bscan_controlled,MEN,BF-SUST,0.6658036707427786,real
bscan_controlled,MEN,BF-MOZ,0.9907707523430176,real
bscan_controlled,MEN,MEN,0.999437037037037,real
mel_only,BF-SUST,BF-SUST,0.999705755953528,real
mel_only,BF-SUST,BF-MOZ,0.9955263242999134,real
mel_only,BF-SUST,MEN,0.7097603292181071,real
mel_only,MEN,BF-SUST,0.6013593508565778,real
mel_only,MEN,BF-MOZ,0.9102065405641088,real
mel_only,MEN,MEN,0.9938148148148148,real
lfcc_only,BF-SUST,BF-SUST,0.9999123275868592,real
lfcc_only,BF-SUST,BF-MOZ,0.9688971409728838,real
lfcc_only,BF-SUST,MEN,0.625311012345679,real
lfcc_only,MEN,BF-SUST,0.7295814990039857,real
lfcc_only,MEN,BF-MOZ,0.9919111198486452,real
lfcc_only,MEN,MEN,0.9998864197530865,real
lcnn_lfcc,BF-SUST,BF-SUST,0.9999930277437944,real
lcnn_lfcc,BF-SUST,BF-MOZ,0.9664460368287916,real
lcnn_lfcc,BF-SUST,MEN,0.5541553251028807,real
lcnn_lfcc,MEN,BF-SUST,0.7639816436889213,real
lcnn_lfcc,MEN,BF-MOZ,0.9966972632330288,real
lcnn_lfcc,MEN,MEN,0.999995061728395,real
lfcc_gmm_controlled,BF-SUST,BF-SUST,0.999920783301832,real
lfcc_gmm_controlled,BF-SUST,BF-MOZ,0.9993672673195872,real
lfcc_gmm_controlled,BF-SUST,MEN,0.2862127407407407,real
lfcc_gmm_controlled,MEN,BF-SUST,0.8895332277502177,real
lfcc_gmm_controlled,MEN,BF-MOZ,0.9917584970566424,real
lfcc_gmm_controlled,MEN,MEN,1.0,real
stats_hgb_controlled,BF-SUST,BF-SUST,0.9281802722829228,real
stats_hgb_controlled,BF-SUST,BF-MOZ,0.953573782830038,real
stats_hgb_controlled,BF-SUST,MEN,0.4435342222222222,real
stats_hgb_controlled,MEN,BF-SUST,0.5842822656102994,real
stats_hgb_controlled,MEN,BF-MOZ,0.8864180287143036,real
stats_hgb_controlled,MEN,MEN,0.989274074074074,real
