model,protocol,split,auc_mean,auc_sd,eer_mean,eer_sd,n_seeds,status
bscan_controlled,P1,internal_test,0.9999334668742916,4.3775169071019114e-05,0.0040026684456304,0.0029078712098336,3,real
bscan_controlled,P1,external_BF-MOZ,0.9943501658547876,0.0050306660352763,0.0296746514122273,0.0216768057078643,3,real
bscan_controlled,P1,external_MEN,0.6029911769547326,0.0705970819707266,0.4378518518518517,0.0695155487832308,3,real
dual_no_se,P1,internal_test,0.9999793057501976,1.1435388909531784e-05,0.0022237046920168,0.0003851569507602,3,real
dual_no_se,P1,external_BF-MOZ,0.9892159768879156,0.0005906148751889,0.0464783696818019,0.0034478551165509,3,real
dual_no_se,P1,external_MEN,0.7085496954732511,0.0076126312972183,0.3489086419753087,0.0043532705856576,3,real
dual_no_tattn,P1,internal_test,0.9999572763875048,3.961584900810622e-05,0.0024460751612185,0.0010190295074395,3,real
dual_no_tattn,P1,external_BF-MOZ,0.9843906339031294,0.0066564346745893,0.0445715647717792,0.0093937058271665,3,real
dual_no_tattn,P1,external_MEN,0.5377440658436214,0.1193651428616042,0.4750518518518518,0.098945205769941,3,real
dual_plain,P1,internal_test,0.999918706459558,9.72122879011196e-05,0.0024460751612185,0.0010190295074396,3,real
dual_plain,P1,external_BF-MOZ,0.9782684658771952,0.0185818993615149,0.0527946609462519,0.0303735752558842,3,real
dual_plain,P1,external_MEN,0.5559018271604939,0.1641844160171211,0.4634814814814814,0.1277154115110958,3,real
