config,device,threads,params,state_dict_mb,macs_per_window,b1_iters,b1_mean_ms,b1_std_ms,b1_median_ms,b1_p95_ms,b1_per_window_ms,b16_iters,b16_mean_ms,b16_std_ms,b16_median_ms,b16_p95_ms,b16_per_window_ms,feature_ms_per_window_cpu,e2e_files,e2e_audio_sec,e2e_load_resample_segment_sec,e2e_feature_sec,e2e_model_sec,e2e_total_sec,e2e_rtf,e2e_rtf_model_only,platform,cuda_peak_mem_mb_b16
bscan_controlled,cpu,1,162819,0.6564474105834961,795213120.0,30,7.771622233303788,0.8336037249815564,7.607437500155356,9.567875298853322,7.771622233303788,30,338.42147646658606,23.637358087785373,329.2383335001432,384.92970609913755,21.15134227916163,2.5427716599733685,100,606.1918125000002,0.7014391249922483,0.357456623994949,1.3284115790029318,2.387307327990129,0.0039382045068286,0.0021914046867845,CPU (1 thread),
mel_only,cpu,1,81538,0.3294248580932617,605663968.0,30,6.7110541666503805,0.7057358184332522,6.611271000110719,7.9057248506615,6.7110541666503805,30,244.5442860665935,13.363598653308728,242.3159370000576,265.45689740032685,15.284017879162093,1.7798649999895133,100,606.1918125000002,0.4940765349911089,0.3186563040108012,1.1140751599996292,1.9268079990015392,0.003178545073143,0.0018378261418692,CPU (1 thread),
lfcc_only,cpu,1,81538,0.3294858932495117,189549280.0,30,1.516419333165686,0.1023930916927781,1.501353500316327,1.6297017492433952,1.516419333165686,30,89.56917223343528,12.313316182108236,85.27637499992125,118.2227103498917,5.598073264589705,1.2020808400120586,100,606.1918125000002,0.2787426660052006,0.1940740479967644,0.3092053709988249,0.78202208500079,0.0012900571549715,0.0005100784349488,CPU (1 thread),
dual_plain,cpu,1,152833,0.6120595932006836,792913280.0,30,8.101967966710314,1.7858030829810396,7.777854500091053,10.431718749896389,8.101967966710314,30,352.8101361334241,41.26441423193273,344.19735399933415,428.1557772006635,22.050633508339008,2.307340840015968,100,606.1918125000002,0.5020991669953219,0.3376746269987052,1.1438104159988145,1.9835842099928416,0.0032722055446646,0.00188687869485,CPU (1 thread),
lcnn_lfcc,cpu,1,171857,0.6752243041992188,128106640.0,30,1.1545664000853624,0.1546880557401697,1.1193539994565072,1.4435456502724262,1.1545664000853624,30,59.018950066638354,6.964095094650591,57.15741650055861,70.80970854967744,3.688684379164897,1.1177633199986303,100,606.1918125000002,0.2617944219873607,0.1929422030025307,0.1917596670009516,0.646496291990843,0.0010664879971318,0.0003163349669968,CPU (1 thread),
bscan_controlled,mps,4,162819,0.6564474105834961,795213120.0,100,3.667656250108848,0.5883874651237205,3.566729000340274,4.6236735493039305,3.667656250108848,100,29.35073341008319,1.7249616152378042,29.160291500375024,32.56782114967791,1.8344208381301996,2.4303616600082023,100,606.1918125000002,0.5011601669975789,0.3455478309952013,1.1558009580039652,2.0025089559967455,0.0033034246169346,0.0019066588069497,Apple GPU (MPS),
mel_only,mps,4,81538,0.3294248580932617,605663968.0,100,2.3143699599677348,0.3419938001089232,2.32277150007576,2.8522187502858283,2.3143699599677348,100,22.796459160035734,1.7923695303910316,22.47754150084802,26.19966044994726,1.4247786975022336,2.237899159990775,100,606.1918125000002,0.3367194929996913,0.3373890860038955,0.8010945870009891,1.475203166004576,0.0024335583813326,0.0013215199718669,Apple GPU (MPS),
lfcc_only,mps,4,81538,0.3294858932495117,189549280.0,100,1.5011450200654508,0.3714601497982263,1.3647499999933643,2.029852400482923,1.5011450200654508,100,7.784271719920071,0.5301427993681849,7.695937500102445,8.746117000191589,0.4865169824950044,1.0266183399653528,100,606.1918125000002,0.2454065419824473,0.1625610829996731,0.3104952049925487,0.7184628299746691,0.0011852070832359,0.0005122062003972,Apple GPU (MPS),
dual_plain,mps,4,152833,0.6120595932006836,792913280.0,100,2.2261238199098443,0.1641332861819853,2.1693124999728752,2.520814250510739,2.2261238199098443,100,21.99878252005874,1.0948577709353424,22.010541500094405,23.59233749903069,1.3749239075036712,1.9527033399936045,100,606.1918125000002,0.2508851230031723,0.3120908360051544,0.4923419519909657,1.0553179109992925,0.0017408976651252,0.000812188389613,Apple GPU (MPS),
lcnn_lfcc,mps,4,171857,0.6752243041992188,128106640.0,100,1.7884042098921782,1.3842020120906935,1.3521465007215738,3.774905950194807,1.7884042098921782,100,4.1070242201203655,0.5422395112321321,3.941229000702151,5.262391348514939,0.2566890137575228,1.0469266599830007,100,606.1918125000002,0.2461618290017213,0.1551198360120906,0.4272343759930663,0.8285160410068784,0.001366755577892,0.0007047841412293,Apple GPU (MPS),
bscan_controlled,cuda,6,162819,0.6576681137084961,795213120.0,100,2.984984210197581,0.1175952967017568,2.940885999123566,3.2643947493852465,2.984984210197581,100,7.78917409999849,0.0853881709900327,7.7578039999934845,7.979060902471247,0.4868233812499056,9.931485580018489,100,606.1918125000002,1.6114775179812568,1.540417823005555,0.5712744789925637,3.723169819979375,0.0061419005390795,0.0009423988698174,CUDA GPU,207.68408203125
mel_only,cuda,6,81538,0.3300352096557617,605663968.0,100,1.651341599826992,0.1022802361340428,1.6163135005626827,1.955888499469438,1.651341599826992,100,6.470164119928086,0.0283399608303196,6.467595998401521,6.508650549585582,0.4043852574955053,8.258566759977839,100,606.1918125000002,1.5073276739967696,1.2984085730167862,0.318515999992087,3.124252247005643,0.0051539004364326,0.0005254376476622,CUDA GPU,205.9833984375
lfcc_only,cuda,6,81538,0.3300962448120117,189549280.0,100,1.6434185999605688,0.0202008180884549,1.643324998440221,1.673129849586985,1.6434185999605688,100,1.6798360398388468,0.0388076585109432,1.6753994987084295,1.7295237003054351,0.1049897524899279,3.63796931997058,100,606.1918125000002,1.1192236979950394,0.582052911981009,0.2767048650239303,1.977981474999979,0.0032629630328436,0.000456464207068,CUDA GPU,84.42529296875
dual_plain,cuda,6,152833,0.6130361557006836,792913280.0,100,1.7877984100050526,0.0273753361148079,1.7801994981709868,1.8475878016033676,1.7877984100050526,100,7.022777549755119,0.058981398336206,7.010070999967866,7.192266051242768,0.4389235968596949,9.742595619973144,100,606.1918125000002,1.5120472999878984,1.4793627679864585,0.3452034440051648,3.3366135119795217,0.0055042206825904,0.0005694623993377,CUDA GPU,207.64208984375
lcnn_lfcc,cuda,6,171857,0.6759567260742188,128106640.0,100,1.7446970700621025,0.1889259715469103,1.67336750200775,2.1954321029625135,1.7446970700621025,100,1.737779280047107,0.0349724752364341,1.7264110010728473,1.8050703502012768,0.1086112050029441,3.647663240044494,100,606.1918125000002,1.1287636929882865,0.5647550390203833,0.2898761129836202,1.98339484499229,0.0032718931600421,0.0004781920623245,CUDA GPU,55.3623046875
