run,split,status,ece,brier,auc,accuracy
bscan_controlled__P1__seed42,internal_test,real,0.0050067304009055996,0.005006989420770207,0.9998842902161592,0.9926617745163442
bscan_controlled__P1__seed42,external_BF-MOZ,real,0.06374006852785986,0.06213844985474594,0.989111948817934,0.9229531641043975
bscan_controlled__P1__seed42,external_MEN,real,0.4450287589763634,0.4583810507620673,0.5390403950617284,0.4948888888888889
lfcc_only__P1__seed42,internal_test,real,0.003022355955966148,0.0027736233662915897,0.9999599466132859,0.9976651100733822
lfcc_only__P1__seed42,external_BF-MOZ,real,0.04548294311839409,0.044805159516494844,0.9848956483202738,0.9467286378262424
lfcc_only__P1__seed42,external_MEN,real,0.5277920309060797,0.5286654630524318,0.6517343209876543,0.4717777777777778
lcnn_lfcc__P1__seed42,internal_test,real,0.0013642599239099928,0.0012645460623278916,0.9999919893226572,0.9983322214809873
lcnn_lfcc__P1__seed42,external_BF-MOZ,real,0.12060414058929356,0.11542589004587303,0.9527300114313705,0.8855917053986414
lcnn_lfcc__P1__seed42,external_MEN,real,0.5157197963322253,0.5207733300062547,0.40214429629629633,0.4657777777777778
bscan_orig6s__P1__seed42,internal_test,real,0.003087395382407522,0.002574858477450303,0.9999132176621194,0.9976651100733822
bscan_orig6s__P1__seed42,external_BF-MOZ,real,0.0006923640436496932,0.00041342888374933546,1.0,0.9987486592777977
bscan_orig6s__P1__seed42,external_MEN,real,0.37709956191090094,0.38874142505745296,0.6071345185185184,0.5897777777777777
