run,split,grouping,level,n,n_spoof,fn,fnr,n_bonafide,fp,fpr,status
bscan_controlled__P1__seed42,internal_test,corpus,BF-SUST,2998,1499,11,0.00733822548365577,1499,11,0.00733822548365577,real
bscan_controlled__P1__seed42,internal_test,speaker,BF-SUST-speaker,1499,0,0,,1499,11,0.00733822548365577,real
bscan_controlled__P1__seed42,internal_test,speaker,BF-VITS-voice,1499,1499,11,0.00733822548365577,0,0,,real
bscan_controlled__P1__seed42,internal_test,gender,male,1499,1499,11,0.00733822548365577,0,0,,real
bscan_controlled__P1__seed42,internal_test,duration_tertile,short,1000,366,11,0.030054644808743168,634,9,0.014195583596214511,real
bscan_controlled__P1__seed42,internal_test,duration_tertile,medium,999,541,0,0.0,458,1,0.002183406113537118,real
bscan_controlled__P1__seed42,internal_test,duration_tertile,long,999,592,0,0.0,407,1,0.002457002457002457,real
bscan_controlled__P1__seed42,internal_test,snr_proxy_tertile,low,1000,61,0,0.0,939,6,0.006389776357827476,real
bscan_controlled__P1__seed42,internal_test,snr_proxy_tertile,mid,999,552,0,0.0,447,3,0.006711409395973154,real
bscan_controlled__P1__seed42,internal_test,snr_proxy_tertile,high,999,886,11,0.012415349887133182,113,2,0.017699115044247787,real
bscan_controlled__P1__seed42,internal_test,trailing_silence,<0.05s,1472,0,0,,1472,11,0.007472826086956522,real
bscan_controlled__P1__seed42,internal_test,trailing_silence,0.05-0.3s,26,0,0,,26,0,0.0,real
bscan_controlled__P1__seed42,internal_test,trailing_silence,>0.3s,1500,1499,11,0.00733822548365577,1,0,0.0,real
bscan_controlled__P1__seed42,internal_test,clipping,unclipped,2998,1499,11,0.00733822548365577,1499,11,0.00733822548365577,real
bscan_controlled__P1__seed42,internal_test,confidence_quintile,q1 (least),600,148,11,0.07432432432432433,452,11,0.024336283185840708,real
bscan_controlled__P1__seed42,internal_test,confidence_quintile,q2,599,242,0,0.0,357,0,0.0,real
bscan_controlled__P1__seed42,internal_test,confidence_quintile,q3,600,379,0,0.0,221,0,0.0,real
bscan_controlled__P1__seed42,internal_test,confidence_quintile,q4,599,418,0,0.0,181,0,0.0,real
bscan_controlled__P1__seed42,internal_test,confidence_quintile,q5 (most),600,312,0,0.0,288,0,0.0,real
bscan_controlled__P1__seed42,external_BF-MOZ,corpus,BF-MOZ,5594,2797,13,0.004647836968180193,2797,418,0.14944583482302468,real
bscan_controlled__P1__seed42,external_BF-MOZ,speaker,BF-MOZ-s1,918,0,0,,918,152,0.1655773420479303,real
bscan_controlled__P1__seed42,external_BF-MOZ,speaker,BF-MOZ-s2,573,0,0,,573,103,0.17975567190226877,real
bscan_controlled__P1__seed42,external_BF-MOZ,speaker,BF-MOZ-s3,537,0,0,,537,17,0.03165735567970205,real
bscan_controlled__P1__seed42,external_BF-MOZ,speaker,BF-MOZ-s4,420,0,0,,420,7,0.016666666666666666,real
bscan_controlled__P1__seed42,external_BF-MOZ,speaker,BF-MOZ-s5,349,0,0,,349,139,0.3982808022922636,real
bscan_controlled__P1__seed42,external_BF-MOZ,speaker,BF-VITS-voice,2797,2797,13,0.004647836968180193,0,0,,real
bscan_controlled__P1__seed42,external_BF-MOZ,gender,male,2797,2797,13,0.004647836968180193,0,0,,real
bscan_controlled__P1__seed42,external_BF-MOZ,set,BF-MOZ-s1,1836,918,4,0.004357298474945534,918,152,0.1655773420479303,real
bscan_controlled__P1__seed42,external_BF-MOZ,set,BF-MOZ-s2,1146,573,2,0.0034904013961605585,573,103,0.17975567190226877,real
bscan_controlled__P1__seed42,external_BF-MOZ,set,BF-MOZ-s3,1074,537,5,0.00931098696461825,537,17,0.03165735567970205,real
bscan_controlled__P1__seed42,external_BF-MOZ,set,BF-MOZ-s4,840,420,1,0.002380952380952381,420,7,0.016666666666666666,real
bscan_controlled__P1__seed42,external_BF-MOZ,set,BF-MOZ-s5,698,349,1,0.0028653295128939827,349,139,0.3982808022922636,real
bscan_controlled__P1__seed42,external_BF-MOZ,duration_tertile,short,1869,666,10,0.015015015015015015,1203,128,0.10640066500415628,real
bscan_controlled__P1__seed42,external_BF-MOZ,duration_tertile,medium,1860,899,1,0.0011123470522803114,961,157,0.16337148803329865,real
bscan_controlled__P1__seed42,external_BF-MOZ,duration_tertile,long,1865,1232,2,0.0016233766233766235,633,133,0.21011058451816747,real
bscan_controlled__P1__seed42,external_BF-MOZ,snr_proxy_tertile,low,1865,749,3,0.004005340453938585,1116,138,0.12365591397849462,real
bscan_controlled__P1__seed42,external_BF-MOZ,snr_proxy_tertile,mid,1864,1544,1,0.0006476683937823834,320,61,0.190625,real
bscan_controlled__P1__seed42,external_BF-MOZ,snr_proxy_tertile,high,1865,504,9,0.017857142857142856,1361,219,0.1609110947832476,real
bscan_controlled__P1__seed42,external_BF-MOZ,trailing_silence,<0.05s,552,0,0,,552,79,0.1431159420289855,real
bscan_controlled__P1__seed42,external_BF-MOZ,trailing_silence,0.05-0.3s,413,0,0,,413,67,0.162227602905569,real
bscan_controlled__P1__seed42,external_BF-MOZ,trailing_silence,>0.3s,4629,2797,13,0.004647836968180193,1832,272,0.14847161572052403,real
bscan_controlled__P1__seed42,external_BF-MOZ,clipping,clipped,44,0,0,,44,15,0.3409090909090909,real
bscan_controlled__P1__seed42,external_BF-MOZ,clipping,unclipped,5550,2797,13,0.004647836968180193,2753,403,0.14638576098801306,real
bscan_controlled__P1__seed42,external_BF-MOZ,confidence_quintile,q1 (least),1120,138,13,0.09420289855072464,982,254,0.25865580448065173,real
bscan_controlled__P1__seed42,external_BF-MOZ,confidence_quintile,q2,1118,402,0,0.0,716,126,0.17597765363128492,real
bscan_controlled__P1__seed42,external_BF-MOZ,confidence_quintile,q3,1120,766,0,0.0,354,31,0.08757062146892655,real
bscan_controlled__P1__seed42,external_BF-MOZ,confidence_quintile,q4,1117,895,0,0.0,222,6,0.02702702702702703,real
bscan_controlled__P1__seed42,external_BF-MOZ,confidence_quintile,q5 (most),1119,596,0,0.0,523,1,0.0019120458891013384,real
bscan_controlled__P1__seed42,external_MEN,corpus,MEN,4500,2250,1710,0.76,2250,563,0.25022222222222223,real
bscan_controlled__P1__seed42,external_MEN,speaker,MEN-S10F03,60,30,8,0.26666666666666666,30,17,0.5666666666666667,real
bscan_controlled__P1__seed42,external_MEN,speaker,MEN-S10F04,60,30,20,0.6666666666666666,30,21,0.7,real
bscan_controlled__P1__seed42,external_MEN,speaker,MEN-S10F05,60,30,16,0.5333333333333333,30,16,0.5333333333333333,real
bscan_controlled__P1__seed42,external_MEN,speaker,MEN-S10M01,60,30,30,1.0,30,0,0.0,real
bscan_controlled__P1__seed42,external_MEN,speaker,MEN-S10M02,60,30,21,0.7,30,0,0.0,real
bscan_controlled__P1__seed42,external_MEN,speaker,MEN-S11F02,60,30,14,0.4666666666666667,30,3,0.1,real
bscan_controlled__P1__seed42,external_MEN,speaker,MEN-S11F04,60,30,18,0.6,30,4,0.13333333333333333,real
bscan_controlled__P1__seed42,external_MEN,speaker,MEN-S11M01,60,30,24,0.8,30,0,0.0,real
bscan_controlled__P1__seed42,external_MEN,speaker,MEN-S11M03,60,30,20,0.6666666666666666,30,15,0.5,real
bscan_controlled__P1__seed42,external_MEN,speaker,MEN-S11M05,60,30,25,0.8333333333333334,30,13,0.43333333333333335,real
bscan_controlled__P1__seed42,external_MEN,speaker,MEN-S12F01,60,30,19,0.6333333333333333,30,0,0.0,real
bscan_controlled__P1__seed42,external_MEN,speaker,MEN-S12F02,60,30,19,0.6333333333333333,30,5,0.16666666666666666,real
bscan_controlled__P1__seed42,external_MEN,speaker,MEN-S12F04,60,30,26,0.8666666666666667,30,13,0.43333333333333335,real
bscan_controlled__P1__seed42,external_MEN,speaker,MEN-S12M03,60,30,23,0.7666666666666667,30,3,0.1,real
bscan_controlled__P1__seed42,external_MEN,speaker,MEN-S12M05,60,30,24,0.8,30,14,0.4666666666666667,real
bscan_controlled__P1__seed42,external_MEN,speaker,MEN-S13F02,60,30,22,0.7333333333333333,30,21,0.7,real
bscan_controlled__P1__seed42,external_MEN,speaker,MEN-S13F03,60,30,21,0.7,30,22,0.7333333333333333,real
bscan_controlled__P1__seed42,external_MEN,speaker,MEN-S13F05,60,30,21,0.7,30,19,0.6333333333333333,real
bscan_controlled__P1__seed42,external_MEN,speaker,MEN-S13M01,60,30,27,0.9,30,0,0.0,real
bscan_controlled__P1__seed42,external_MEN,speaker,MEN-S13M04,60,30,27,0.9,30,14,0.4666666666666667,real
bscan_controlled__P1__seed42,external_MEN,speaker,MEN-S14F02,60,30,30,1.0,30,1,0.03333333333333333,real
bscan_controlled__P1__seed42,external_MEN,speaker,MEN-S14M01,60,30,30,1.0,30,0,0.0,real
bscan_controlled__P1__seed42,external_MEN,speaker,MEN-S14M03,60,30,25,0.8333333333333334,30,4,0.13333333333333333,real
bscan_controlled__P1__seed42,external_MEN,speaker,MEN-S14M04,60,30,24,0.8,30,2,0.06666666666666667,real
bscan_controlled__P1__seed42,external_MEN,speaker,MEN-S14M05,60,30,27,0.9,30,2,0.06666666666666667,real
bscan_controlled__P1__seed42,external_MEN,speaker,MEN-S15F01,60,30,26,0.8666666666666667,30,0,0.0,real
bscan_controlled__P1__seed42,external_MEN,speaker,MEN-S15M02,60,30,26,0.8666666666666667,30,11,0.36666666666666664,real
bscan_controlled__P1__seed42,external_MEN,speaker,MEN-S15M03,60,30,29,0.9666666666666667,30,27,0.9,real
bscan_controlled__P1__seed42,external_MEN,speaker,MEN-S15M04,60,30,27,0.9,30,8,0.26666666666666666,real
bscan_controlled__P1__seed42,external_MEN,speaker,MEN-S15M05,60,30,27,0.9,30,5,0.16666666666666666,real
bscan_controlled__P1__seed42,external_MEN,speaker,MEN-S1F03,60,30,23,0.7666666666666667,30,8,0.26666666666666666,real
bscan_controlled__P1__seed42,external_MEN,speaker,MEN-S1F04,60,30,7,0.23333333333333334,30,7,0.23333333333333334,real
bscan_controlled__P1__seed42,external_MEN,speaker,MEN-S1F05,60,30,11,0.36666666666666664,30,17,0.5666666666666667,real
bscan_controlled__P1__seed42,external_MEN,speaker,MEN-S1M01,60,30,30,1.0,30,0,0.0,real
bscan_controlled__P1__seed42,external_MEN,speaker,MEN-S1M02,60,30,29,0.9666666666666667,30,19,0.6333333333333333,real
bscan_controlled__P1__seed42,external_MEN,speaker,MEN-S2F01,60,30,28,0.9333333333333333,30,0,0.0,real
bscan_controlled__P1__seed42,external_MEN,speaker,MEN-S2M02,60,30,27,0.9,30,0,0.0,real
bscan_controlled__P1__seed42,external_MEN,speaker,MEN-S2M03,60,30,28,0.9333333333333333,30,4,0.13333333333333333,real
bscan_controlled__P1__seed42,external_MEN,speaker,MEN-S2M04,60,30,29,0.9666666666666667,30,0,0.0,real
bscan_controlled__P1__seed42,external_MEN,speaker,MEN-S2M05,60,30,28,0.9333333333333333,30,0,0.0,real
bscan_controlled__P1__seed42,external_MEN,speaker,MEN-S3F01,60,30,21,0.7,30,0,0.0,real
bscan_controlled__P1__seed42,external_MEN,speaker,MEN-S3F02,60,30,26,0.8666666666666667,30,3,0.1,real
bscan_controlled__P1__seed42,external_MEN,speaker,MEN-S3M03,60,30,13,0.43333333333333335,30,0,0.0,real
bscan_controlled__P1__seed42,external_MEN,speaker,MEN-S3M04,60,30,29,0.9666666666666667,30,0,0.0,real
bscan_controlled__P1__seed42,external_MEN,speaker,MEN-S3M05,60,30,23,0.7666666666666667,30,1,0.03333333333333333,real
bscan_controlled__P1__seed42,external_MEN,speaker,MEN-S4F02,60,30,24,0.8,30,8,0.26666666666666666,real
bscan_controlled__P1__seed42,external_MEN,speaker,MEN-S4F03,60,30,21,0.7,30,1,0.03333333333333333,real
bscan_controlled__P1__seed42,external_MEN,speaker,MEN-S4F04,60,30,25,0.8333333333333334,30,0,0.0,real
bscan_controlled__P1__seed42,external_MEN,speaker,MEN-S4F05,60,30,17,0.5666666666666667,30,21,0.7,real
bscan_controlled__P1__seed42,external_MEN,speaker,MEN-S4M01,60,30,28,0.9333333333333333,30,0,0.0,real
bscan_controlled__P1__seed42,external_MEN,speaker,MEN-S5F01,60,30,19,0.6333333333333333,30,1,0.03333333333333333,real
bscan_controlled__P1__seed42,external_MEN,speaker,MEN-S5F03,60,30,17,0.5666666666666667,30,10,0.3333333333333333,real
bscan_controlled__P1__seed42,external_MEN,speaker,MEN-S5F05,60,30,25,0.8333333333333334,30,0,0.0,real
bscan_controlled__P1__seed42,external_MEN,speaker,MEN-S5M02,60,30,25,0.8333333333333334,30,7,0.23333333333333334,real
bscan_controlled__P1__seed42,external_MEN,speaker,MEN-S5M04,60,30,17,0.5666666666666667,30,27,0.9,real
bscan_controlled__P1__seed42,external_MEN,speaker,MEN-S6F03,60,30,23,0.7666666666666667,30,12,0.4,real
bscan_controlled__P1__seed42,external_MEN,speaker,MEN-S6F04,60,30,18,0.6,30,22,0.7333333333333333,real
bscan_controlled__P1__seed42,external_MEN,speaker,MEN-S6M01,60,30,16,0.5333333333333333,30,28,0.9333333333333333,real
bscan_controlled__P1__seed42,external_MEN,speaker,MEN-S6M02,60,30,24,0.8,30,1,0.03333333333333333,real
bscan_controlled__P1__seed42,external_MEN,speaker,MEN-S6M05,60,30,29,0.9666666666666667,30,5,0.16666666666666666,real
bscan_controlled__P1__seed42,external_MEN,speaker,MEN-S7F04,60,30,30,1.0,30,10,0.3333333333333333,real
bscan_controlled__P1__seed42,external_MEN,speaker,MEN-S7F05,60,30,23,0.7666666666666667,30,5,0.16666666666666666,real
bscan_controlled__P1__seed42,external_MEN,speaker,MEN-S7M01,60,30,29,0.9666666666666667,30,0,0.0,real
bscan_controlled__P1__seed42,external_MEN,speaker,MEN-S7M02,60,30,23,0.7666666666666667,30,9,0.3,real
bscan_controlled__P1__seed42,external_MEN,speaker,MEN-S7M03,60,30,25,0.8333333333333334,30,8,0.26666666666666666,real
bscan_controlled__P1__seed42,external_MEN,speaker,MEN-S8F01,60,30,25,0.8333333333333334,30,3,0.1,real
bscan_controlled__P1__seed42,external_MEN,speaker,MEN-S8F02,60,30,24,0.8,30,0,0.0,real
bscan_controlled__P1__seed42,external_MEN,speaker,MEN-S8F03,60,30,20,0.6666666666666666,30,5,0.16666666666666666,real
bscan_controlled__P1__seed42,external_MEN,speaker,MEN-S8F04,60,30,18,0.6,30,10,0.3333333333333333,real
bscan_controlled__P1__seed42,external_MEN,speaker,MEN-S8F05,60,30,23,0.7666666666666667,30,16,0.5333333333333333,real
bscan_controlled__P1__seed42,external_MEN,speaker,MEN-S9F01,60,30,29,0.9666666666666667,30,0,0.0,real
bscan_controlled__P1__seed42,external_MEN,speaker,MEN-S9F03,60,30,17,0.5666666666666667,30,3,0.1,real
bscan_controlled__P1__seed42,external_MEN,speaker,MEN-S9M02,60,30,14,0.4666666666666667,30,22,0.7333333333333333,real
bscan_controlled__P1__seed42,external_MEN,speaker,MEN-S9M04,60,30,13,0.43333333333333335,30,1,0.03333333333333333,real
bscan_controlled__P1__seed42,external_MEN,speaker,MEN-S9M05,60,30,21,0.7,30,9,0.3,real
bscan_controlled__P1__seed42,external_MEN,gender,female,2220,1110,774,0.6972972972972973,1110,304,0.27387387387387385,real
bscan_controlled__P1__seed42,external_MEN,gender,male,2280,1140,936,0.8210526315789474,1140,259,0.22719298245614036,real
bscan_controlled__P1__seed42,external_MEN,set,S1,300,150,100,0.6666666666666666,150,51,0.34,real
bscan_controlled__P1__seed42,external_MEN,set,S10,300,150,95,0.6333333333333333,150,54,0.36,real
bscan_controlled__P1__seed42,external_MEN,set,S11,300,150,101,0.6733333333333333,150,35,0.23333333333333334,real
bscan_controlled__P1__seed42,external_MEN,set,S12,300,150,111,0.74,150,35,0.23333333333333334,real
bscan_controlled__P1__seed42,external_MEN,set,S13,300,150,118,0.7866666666666666,150,76,0.5066666666666667,real
bscan_controlled__P1__seed42,external_MEN,set,S14,300,150,136,0.9066666666666666,150,9,0.06,real
bscan_controlled__P1__seed42,external_MEN,set,S15,300,150,135,0.9,150,51,0.34,real
bscan_controlled__P1__seed42,external_MEN,set,S2,300,150,140,0.9333333333333333,150,4,0.02666666666666667,real
bscan_controlled__P1__seed42,external_MEN,set,S3,300,150,112,0.7466666666666667,150,4,0.02666666666666667,real
bscan_controlled__P1__seed42,external_MEN,set,S4,300,150,115,0.7666666666666667,150,30,0.2,real
bscan_controlled__P1__seed42,external_MEN,set,S5,300,150,103,0.6866666666666666,150,45,0.3,real
bscan_controlled__P1__seed42,external_MEN,set,S6,300,150,110,0.7333333333333333,150,68,0.4533333333333333,real
bscan_controlled__P1__seed42,external_MEN,set,S7,300,150,130,0.8666666666666667,150,32,0.21333333333333335,real
bscan_controlled__P1__seed42,external_MEN,set,S8,300,150,110,0.7333333333333333,150,34,0.22666666666666666,real
bscan_controlled__P1__seed42,external_MEN,set,S9,300,150,94,0.6266666666666667,150,35,0.23333333333333334,real
bscan_controlled__P1__seed42,external_MEN,duration_tertile,short,1558,639,486,0.7605633802816901,919,206,0.22415669205658323,real
bscan_controlled__P1__seed42,external_MEN,duration_tertile,medium,1481,757,574,0.7582562747688243,724,176,0.2430939226519337,real
bscan_controlled__P1__seed42,external_MEN,duration_tertile,long,1461,854,650,0.7611241217798594,607,181,0.2981878088962109,real
bscan_controlled__P1__seed42,external_MEN,snr_proxy_tertile,low,1500,5,5,1.0,1495,491,0.328428093645485,real
bscan_controlled__P1__seed42,external_MEN,snr_proxy_tertile,mid,1500,1032,778,0.7538759689922481,468,66,0.14102564102564102,real
bscan_controlled__P1__seed42,external_MEN,snr_proxy_tertile,high,1500,1213,927,0.7642209398186315,287,6,0.020905923344947737,real
bscan_controlled__P1__seed42,external_MEN,trailing_silence,<0.05s,3842,1813,1401,0.7727523441809157,2029,561,0.27649088220798423,real
bscan_controlled__P1__seed42,external_MEN,trailing_silence,0.05-0.3s,495,414,289,0.6980676328502415,81,1,0.012345679012345678,real
bscan_controlled__P1__seed42,external_MEN,trailing_silence,>0.3s,163,23,20,0.8695652173913043,140,1,0.007142857142857143,real
bscan_controlled__P1__seed42,external_MEN,clipping,clipped,1937,1925,1457,0.7568831168831169,12,4,0.3333333333333333,real
bscan_controlled__P1__seed42,external_MEN,clipping,unclipped,2563,325,253,0.7784615384615384,2238,559,0.24977658623771223,real
bscan_controlled__P1__seed42,external_MEN,confidence_quintile,q1 (least),901,403,236,0.5856079404466501,498,215,0.43172690763052207,real
bscan_controlled__P1__seed42,external_MEN,confidence_quintile,q2,901,451,320,0.7095343680709535,450,164,0.36444444444444446,real
bscan_controlled__P1__seed42,external_MEN,confidence_quintile,q3,898,534,446,0.8352059925093633,364,103,0.28296703296703296,real
bscan_controlled__P1__seed42,external_MEN,confidence_quintile,q4,900,555,459,0.827027027027027,345,58,0.1681159420289855,real
bscan_controlled__P1__seed42,external_MEN,confidence_quintile,q5 (most),900,307,249,0.8110749185667753,593,23,0.0387858347386172,real
lfcc_only__P1__seed42,internal_test,corpus,BF-SUST,2998,1499,3,0.0020013342228152103,1499,4,0.00266844563042028,real
lfcc_only__P1__seed42,internal_test,speaker,BF-SUST-speaker,1499,0,0,,1499,4,0.00266844563042028,real
lfcc_only__P1__seed42,internal_test,speaker,BF-VITS-voice,1499,1499,3,0.0020013342228152103,0,0,,real
lfcc_only__P1__seed42,internal_test,gender,male,1499,1499,3,0.0020013342228152103,0,0,,real
lfcc_only__P1__seed42,internal_test,duration_tertile,short,1000,366,3,0.00819672131147541,634,4,0.006309148264984227,real
lfcc_only__P1__seed42,internal_test,duration_tertile,medium,999,541,0,0.0,458,0,0.0,real
lfcc_only__P1__seed42,internal_test,duration_tertile,long,999,592,0,0.0,407,0,0.0,real
lfcc_only__P1__seed42,internal_test,snr_proxy_tertile,low,1000,61,0,0.0,939,4,0.004259850905218318,real
lfcc_only__P1__seed42,internal_test,snr_proxy_tertile,mid,999,552,0,0.0,447,0,0.0,real
lfcc_only__P1__seed42,internal_test,snr_proxy_tertile,high,999,886,3,0.003386004514672686,113,0,0.0,real
lfcc_only__P1__seed42,internal_test,trailing_silence,<0.05s,1472,0,0,,1472,4,0.002717391304347826,real
lfcc_only__P1__seed42,internal_test,trailing_silence,0.05-0.3s,26,0,0,,26,0,0.0,real
lfcc_only__P1__seed42,internal_test,trailing_silence,>0.3s,1500,1499,3,0.0020013342228152103,1,0,0.0,real
lfcc_only__P1__seed42,internal_test,clipping,unclipped,2998,1499,3,0.0020013342228152103,1499,4,0.00266844563042028,real
lfcc_only__P1__seed42,internal_test,confidence_quintile,q1 (least),601,42,3,0.07142857142857142,559,4,0.007155635062611807,real
lfcc_only__P1__seed42,internal_test,confidence_quintile,q2,599,74,0,0.0,525,0,0.0,real
lfcc_only__P1__seed42,internal_test,confidence_quintile,q3,599,305,0,0.0,294,0,0.0,real
lfcc_only__P1__seed42,internal_test,confidence_quintile,q4,599,523,0,0.0,76,0,0.0,real
lfcc_only__P1__seed42,internal_test,confidence_quintile,q5 (most),600,555,0,0.0,45,0,0.0,real
lfcc_only__P1__seed42,external_BF-MOZ,corpus,BF-MOZ,5594,2797,8,0.002860207365033965,2797,290,0.10368251698248122,real
lfcc_only__P1__seed42,external_BF-MOZ,speaker,BF-MOZ-s1,918,0,0,,918,100,0.10893246187363835,real
lfcc_only__P1__seed42,external_BF-MOZ,speaker,BF-MOZ-s2,573,0,0,,573,54,0.09424083769633508,real
lfcc_only__P1__seed42,external_BF-MOZ,speaker,BF-MOZ-s3,537,0,0,,537,6,0.0111731843575419,real
lfcc_only__P1__seed42,external_BF-MOZ,speaker,BF-MOZ-s4,420,0,0,,420,4,0.009523809523809525,real
lfcc_only__P1__seed42,external_BF-MOZ,speaker,BF-MOZ-s5,349,0,0,,349,126,0.36103151862464183,real
lfcc_only__P1__seed42,external_BF-MOZ,speaker,BF-VITS-voice,2797,2797,8,0.002860207365033965,0,0,,real
lfcc_only__P1__seed42,external_BF-MOZ,gender,male,2797,2797,8,0.002860207365033965,0,0,,real
lfcc_only__P1__seed42,external_BF-MOZ,set,BF-MOZ-s1,1836,918,3,0.0032679738562091504,918,100,0.10893246187363835,real
lfcc_only__P1__seed42,external_BF-MOZ,set,BF-MOZ-s2,1146,573,1,0.0017452006980802793,573,54,0.09424083769633508,real
lfcc_only__P1__seed42,external_BF-MOZ,set,BF-MOZ-s3,1074,537,1,0.00186219739292365,537,6,0.0111731843575419,real
lfcc_only__P1__seed42,external_BF-MOZ,set,BF-MOZ-s4,840,420,0,0.0,420,4,0.009523809523809525,real
lfcc_only__P1__seed42,external_BF-MOZ,set,BF-MOZ-s5,698,349,3,0.008595988538681949,349,126,0.36103151862464183,real
lfcc_only__P1__seed42,external_BF-MOZ,duration_tertile,short,1869,666,7,0.010510510510510511,1203,90,0.07481296758104738,real
lfcc_only__P1__seed42,external_BF-MOZ,duration_tertile,medium,1860,899,1,0.0011123470522803114,961,114,0.1186264308012487,real
lfcc_only__P1__seed42,external_BF-MOZ,duration_tertile,long,1865,1232,0,0.0,633,86,0.1358609794628752,real
lfcc_only__P1__seed42,external_BF-MOZ,snr_proxy_tertile,low,1865,749,0,0.0,1116,73,0.06541218637992832,real
lfcc_only__P1__seed42,external_BF-MOZ,snr_proxy_tertile,mid,1864,1544,2,0.0012953367875647669,320,40,0.125,real
lfcc_only__P1__seed42,external_BF-MOZ,snr_proxy_tertile,high,1865,504,6,0.011904761904761904,1361,177,0.13005143277002204,real
lfcc_only__P1__seed42,external_BF-MOZ,trailing_silence,<0.05s,552,0,0,,552,55,0.09963768115942029,real
lfcc_only__P1__seed42,external_BF-MOZ,trailing_silence,0.05-0.3s,413,0,0,,413,42,0.1016949152542373,real
lfcc_only__P1__seed42,external_BF-MOZ,trailing_silence,>0.3s,4629,2797,8,0.002860207365033965,1832,193,0.10534934497816593,real
lfcc_only__P1__seed42,external_BF-MOZ,clipping,clipped,44,0,0,,44,14,0.3181818181818182,real
lfcc_only__P1__seed42,external_BF-MOZ,clipping,unclipped,5550,2797,8,0.002860207365033965,2753,276,0.10025426807119506,real
lfcc_only__P1__seed42,external_BF-MOZ,confidence_quintile,q1 (least),1120,129,8,0.06201550387596899,991,163,0.16448032290615539,real
lfcc_only__P1__seed42,external_BF-MOZ,confidence_quintile,q2,1118,457,0,0.0,661,68,0.10287443267776097,real
lfcc_only__P1__seed42,external_BF-MOZ,confidence_quintile,q3,1118,834,0,0.0,284,28,0.09859154929577464,real
lfcc_only__P1__seed42,external_BF-MOZ,confidence_quintile,q4,1119,899,0,0.0,220,20,0.09090909090909091,real
lfcc_only__P1__seed42,external_BF-MOZ,confidence_quintile,q5 (most),1119,478,0,0.0,641,11,0.0171606864274571,real
lfcc_only__P1__seed42,external_MEN,corpus,MEN,4500,2250,2000,0.8888888888888888,2250,377,0.16755555555555557,real
lfcc_only__P1__seed42,external_MEN,speaker,MEN-S10F03,60,30,19,0.6333333333333333,30,6,0.2,real
lfcc_only__P1__seed42,external_MEN,speaker,MEN-S10F04,60,30,27,0.9,30,20,0.6666666666666666,real
lfcc_only__P1__seed42,external_MEN,speaker,MEN-S10F05,60,30,28,0.9333333333333333,30,7,0.23333333333333334,real
lfcc_only__P1__seed42,external_MEN,speaker,MEN-S10M01,60,30,30,1.0,30,0,0.0,real
lfcc_only__P1__seed42,external_MEN,speaker,MEN-S10M02,60,30,20,0.6666666666666666,30,0,0.0,real
lfcc_only__P1__seed42,external_MEN,speaker,MEN-S11F02,60,30,23,0.7666666666666667,30,0,0.0,real
lfcc_only__P1__seed42,external_MEN,speaker,MEN-S11F04,60,30,28,0.9333333333333333,30,3,0.1,real
lfcc_only__P1__seed42,external_MEN,speaker,MEN-S11M01,60,30,24,0.8,30,0,0.0,real
lfcc_only__P1__seed42,external_MEN,speaker,MEN-S11M03,60,30,25,0.8333333333333334,30,10,0.3333333333333333,real
lfcc_only__P1__seed42,external_MEN,speaker,MEN-S11M05,60,30,27,0.9,30,8,0.26666666666666666,real
lfcc_only__P1__seed42,external_MEN,speaker,MEN-S12F01,60,30,29,0.9666666666666667,30,0,0.0,real
lfcc_only__P1__seed42,external_MEN,speaker,MEN-S12F02,60,30,24,0.8,30,4,0.13333333333333333,real
lfcc_only__P1__seed42,external_MEN,speaker,MEN-S12F04,60,30,30,1.0,30,4,0.13333333333333333,real
lfcc_only__P1__seed42,external_MEN,speaker,MEN-S12M03,60,30,23,0.7666666666666667,30,0,0.0,real
lfcc_only__P1__seed42,external_MEN,speaker,MEN-S12M05,60,30,27,0.9,30,11,0.36666666666666664,real
lfcc_only__P1__seed42,external_MEN,speaker,MEN-S13F02,60,30,27,0.9,30,19,0.6333333333333333,real
lfcc_only__P1__seed42,external_MEN,speaker,MEN-S13F03,60,30,27,0.9,30,12,0.4,real
lfcc_only__P1__seed42,external_MEN,speaker,MEN-S13F05,60,30,28,0.9333333333333333,30,15,0.5,real
lfcc_only__P1__seed42,external_MEN,speaker,MEN-S13M01,60,30,27,0.9,30,0,0.0,real
lfcc_only__P1__seed42,external_MEN,speaker,MEN-S13M04,60,30,28,0.9333333333333333,30,8,0.26666666666666666,real
lfcc_only__P1__seed42,external_MEN,speaker,MEN-S14F02,60,30,30,1.0,30,0,0.0,real
lfcc_only__P1__seed42,external_MEN,speaker,MEN-S14M01,60,30,30,1.0,30,0,0.0,real
lfcc_only__P1__seed42,external_MEN,speaker,MEN-S14M03,60,30,25,0.8333333333333334,30,1,0.03333333333333333,real
lfcc_only__P1__seed42,external_MEN,speaker,MEN-S14M04,60,30,27,0.9,30,2,0.06666666666666667,real
lfcc_only__P1__seed42,external_MEN,speaker,MEN-S14M05,60,30,29,0.9666666666666667,30,1,0.03333333333333333,real
lfcc_only__P1__seed42,external_MEN,speaker,MEN-S15F01,60,30,29,0.9666666666666667,30,0,0.0,real
lfcc_only__P1__seed42,external_MEN,speaker,MEN-S15M02,60,30,26,0.8666666666666667,30,1,0.03333333333333333,real
lfcc_only__P1__seed42,external_MEN,speaker,MEN-S15M03,60,30,29,0.9666666666666667,30,22,0.7333333333333333,real
lfcc_only__P1__seed42,external_MEN,speaker,MEN-S15M04,60,30,28,0.9333333333333333,30,9,0.3,real
lfcc_only__P1__seed42,external_MEN,speaker,MEN-S15M05,60,30,30,1.0,30,2,0.06666666666666667,real
lfcc_only__P1__seed42,external_MEN,speaker,MEN-S1F03,60,30,30,1.0,30,7,0.23333333333333334,real
lfcc_only__P1__seed42,external_MEN,speaker,MEN-S1F04,60,30,17,0.5666666666666667,30,11,0.36666666666666664,real
lfcc_only__P1__seed42,external_MEN,speaker,MEN-S1F05,60,30,24,0.8,30,11,0.36666666666666664,real
lfcc_only__P1__seed42,external_MEN,speaker,MEN-S1M01,60,30,30,1.0,30,0,0.0,real
lfcc_only__P1__seed42,external_MEN,speaker,MEN-S1M02,60,30,29,0.9666666666666667,30,8,0.26666666666666666,real
lfcc_only__P1__seed42,external_MEN,speaker,MEN-S2F01,60,30,30,1.0,30,0,0.0,real
lfcc_only__P1__seed42,external_MEN,speaker,MEN-S2M02,60,30,29,0.9666666666666667,30,0,0.0,real
lfcc_only__P1__seed42,external_MEN,speaker,MEN-S2M03,60,30,30,1.0,30,1,0.03333333333333333,real
lfcc_only__P1__seed42,external_MEN,speaker,MEN-S2M04,60,30,29,0.9666666666666667,30,3,0.1,real
lfcc_only__P1__seed42,external_MEN,speaker,MEN-S2M05,60,30,30,1.0,30,0,0.0,real
lfcc_only__P1__seed42,external_MEN,speaker,MEN-S3F01,60,30,26,0.8666666666666667,30,0,0.0,real
lfcc_only__P1__seed42,external_MEN,speaker,MEN-S3F02,60,30,30,1.0,30,1,0.03333333333333333,real
lfcc_only__P1__seed42,external_MEN,speaker,MEN-S3M03,60,30,16,0.5333333333333333,30,0,0.0,real
lfcc_only__P1__seed42,external_MEN,speaker,MEN-S3M04,60,30,29,0.9666666666666667,30,0,0.0,real
lfcc_only__P1__seed42,external_MEN,speaker,MEN-S3M05,60,30,27,0.9,30,1,0.03333333333333333,real
lfcc_only__P1__seed42,external_MEN,speaker,MEN-S4F02,60,30,29,0.9666666666666667,30,3,0.1,real
lfcc_only__P1__seed42,external_MEN,speaker,MEN-S4F03,60,30,25,0.8333333333333334,30,1,0.03333333333333333,real
lfcc_only__P1__seed42,external_MEN,speaker,MEN-S4F04,60,30,29,0.9666666666666667,30,1,0.03333333333333333,real
lfcc_only__P1__seed42,external_MEN,speaker,MEN-S4F05,60,30,25,0.8333333333333334,30,10,0.3333333333333333,real
lfcc_only__P1__seed42,external_MEN,speaker,MEN-S4M01,60,30,30,1.0,30,0,0.0,real
lfcc_only__P1__seed42,external_MEN,speaker,MEN-S5F01,60,30,26,0.8666666666666667,30,0,0.0,real
lfcc_only__P1__seed42,external_MEN,speaker,MEN-S5F03,60,30,25,0.8333333333333334,30,5,0.16666666666666666,real
lfcc_only__P1__seed42,external_MEN,speaker,MEN-S5F05,60,30,30,1.0,30,0,0.0,real
lfcc_only__P1__seed42,external_MEN,speaker,MEN-S5M02,60,30,29,0.9666666666666667,30,4,0.13333333333333333,real
lfcc_only__P1__seed42,external_MEN,speaker,MEN-S5M04,60,30,18,0.6,30,27,0.9,real
lfcc_only__P1__seed42,external_MEN,speaker,MEN-S6F03,60,30,27,0.9,30,5,0.16666666666666666,real
lfcc_only__P1__seed42,external_MEN,speaker,MEN-S6F04,60,30,26,0.8666666666666667,30,16,0.5333333333333333,real
lfcc_only__P1__seed42,external_MEN,speaker,MEN-S6M01,60,30,16,0.5333333333333333,30,28,0.9333333333333333,real
lfcc_only__P1__seed42,external_MEN,speaker,MEN-S6M02,60,30,25,0.8333333333333334,30,0,0.0,real
lfcc_only__P1__seed42,external_MEN,speaker,MEN-S6M05,60,30,28,0.9333333333333333,30,3,0.1,real
lfcc_only__P1__seed42,external_MEN,speaker,MEN-S7F04,60,30,30,1.0,30,0,0.0,real
lfcc_only__P1__seed42,external_MEN,speaker,MEN-S7F05,60,30,29,0.9666666666666667,30,1,0.03333333333333333,real
lfcc_only__P1__seed42,external_MEN,speaker,MEN-S7M01,60,30,30,1.0,30,0,0.0,real
lfcc_only__P1__seed42,external_MEN,speaker,MEN-S7M02,60,30,24,0.8,30,5,0.16666666666666666,real
lfcc_only__P1__seed42,external_MEN,speaker,MEN-S7M03,60,30,27,0.9,30,5,0.16666666666666666,real
lfcc_only__P1__seed42,external_MEN,speaker,MEN-S8F01,60,30,30,1.0,30,1,0.03333333333333333,real
lfcc_only__P1__seed42,external_MEN,speaker,MEN-S8F02,60,30,28,0.9333333333333333,30,0,0.0,real
lfcc_only__P1__seed42,external_MEN,speaker,MEN-S8F03,60,30,30,1.0,30,8,0.26666666666666666,real
lfcc_only__P1__seed42,external_MEN,speaker,MEN-S8F04,60,30,28,0.9333333333333333,30,4,0.13333333333333333,real
lfcc_only__P1__seed42,external_MEN,speaker,MEN-S8F05,60,30,27,0.9,30,17,0.5666666666666667,real
lfcc_only__P1__seed42,external_MEN,speaker,MEN-S9F01,60,30,30,1.0,30,0,0.0,real
lfcc_only__P1__seed42,external_MEN,speaker,MEN-S9F03,60,30,23,0.7666666666666667,30,2,0.06666666666666667,real
lfcc_only__P1__seed42,external_MEN,speaker,MEN-S9M02,60,30,21,0.7,30,19,0.6333333333333333,real
lfcc_only__P1__seed42,external_MEN,speaker,MEN-S9M04,60,30,20,0.6666666666666666,30,1,0.03333333333333333,real
lfcc_only__P1__seed42,external_MEN,speaker,MEN-S9M05,60,30,25,0.8333333333333334,30,3,0.1,real
lfcc_only__P1__seed42,external_MEN,gender,female,2220,1110,1003,0.9036036036036036,1110,194,0.17477477477477477,real
lfcc_only__P1__seed42,external_MEN,gender,male,2280,1140,997,0.874561403508772,1140,183,0.16052631578947368,real
lfcc_only__P1__seed42,external_MEN,set,S1,300,150,130,0.8666666666666667,150,37,0.24666666666666667,real
lfcc_only__P1__seed42,external_MEN,set,S10,300,150,124,0.8266666666666667,150,33,0.22,real
lfcc_only__P1__seed42,external_MEN,set,S11,300,150,127,0.8466666666666667,150,21,0.14,real
lfcc_only__P1__seed42,external_MEN,set,S12,300,150,133,0.8866666666666667,150,19,0.12666666666666668,real
lfcc_only__P1__seed42,external_MEN,set,S13,300,150,137,0.9133333333333333,150,54,0.36,real
lfcc_only__P1__seed42,external_MEN,set,S14,300,150,141,0.94,150,4,0.02666666666666667,real
lfcc_only__P1__seed42,external_MEN,set,S15,300,150,142,0.9466666666666667,150,34,0.22666666666666666,real
lfcc_only__P1__seed42,external_MEN,set,S2,300,150,148,0.9866666666666667,150,4,0.02666666666666667,real
lfcc_only__P1__seed42,external_MEN,set,S3,300,150,128,0.8533333333333334,150,2,0.013333333333333334,real
lfcc_only__P1__seed42,external_MEN,set,S4,300,150,138,0.92,150,15,0.1,real
lfcc_only__P1__seed42,external_MEN,set,S5,300,150,128,0.8533333333333334,150,36,0.24,real
lfcc_only__P1__seed42,external_MEN,set,S6,300,150,122,0.8133333333333334,150,52,0.3466666666666667,real
lfcc_only__P1__seed42,external_MEN,set,S7,300,150,140,0.9333333333333333,150,11,0.07333333333333333,real
lfcc_only__P1__seed42,external_MEN,set,S8,300,150,143,0.9533333333333334,150,30,0.2,real
lfcc_only__P1__seed42,external_MEN,set,S9,300,150,119,0.7933333333333333,150,25,0.16666666666666666,real
lfcc_only__P1__seed42,external_MEN,duration_tertile,short,1558,639,572,0.8951486697965572,919,120,0.1305767138193689,real
lfcc_only__P1__seed42,external_MEN,duration_tertile,medium,1481,757,674,0.8903566710700133,724,124,0.1712707182320442,real
lfcc_only__P1__seed42,external_MEN,duration_tertile,long,1461,854,754,0.882903981264637,607,133,0.21911037891268534,real
lfcc_only__P1__seed42,external_MEN,snr_proxy_tertile,low,1500,5,5,1.0,1495,335,0.22408026755852842,real
lfcc_only__P1__seed42,external_MEN,snr_proxy_tertile,mid,1500,1032,922,0.8934108527131783,468,39,0.08333333333333333,real
lfcc_only__P1__seed42,external_MEN,snr_proxy_tertile,high,1500,1213,1073,0.8845836768342952,287,3,0.010452961672473868,real
lfcc_only__P1__seed42,external_MEN,trailing_silence,<0.05s,3842,1813,1631,0.8996138996138996,2029,375,0.18482010842779695,real
lfcc_only__P1__seed42,external_MEN,trailing_silence,0.05-0.3s,495,414,350,0.8454106280193237,81,1,0.012345679012345678,real
lfcc_only__P1__seed42,external_MEN,trailing_silence,>0.3s,163,23,19,0.8260869565217391,140,1,0.007142857142857143,real
lfcc_only__P1__seed42,external_MEN,clipping,clipped,1937,1925,1703,0.8846753246753247,12,3,0.25,real
lfcc_only__P1__seed42,external_MEN,clipping,unclipped,2563,325,297,0.9138461538461539,2238,374,0.1671134941912422,real
lfcc_only__P1__seed42,external_MEN,confidence_quintile,q1 (least),900,655,532,0.8122137404580153,245,70,0.2857142857142857,real
lfcc_only__P1__seed42,external_MEN,confidence_quintile,q2,900,614,585,0.9527687296416938,286,41,0.14335664335664336,real
lfcc_only__P1__seed42,external_MEN,confidence_quintile,q3,902,500,452,0.904,402,55,0.13681592039800994,real
lfcc_only__P1__seed42,external_MEN,confidence_quintile,q4,898,374,330,0.8823529411764706,524,80,0.15267175572519084,real
lfcc_only__P1__seed42,external_MEN,confidence_quintile,q5 (most),900,107,101,0.9439252336448598,793,131,0.16519546027742749,real
lcnn_lfcc__P1__seed42,internal_test,corpus,BF-SUST,2998,1499,2,0.00133422281521014,1499,3,0.0020013342228152103,real
lcnn_lfcc__P1__seed42,internal_test,speaker,BF-SUST-speaker,1499,0,0,,1499,3,0.0020013342228152103,real
lcnn_lfcc__P1__seed42,internal_test,speaker,BF-VITS-voice,1499,1499,2,0.00133422281521014,0,0,,real
lcnn_lfcc__P1__seed42,internal_test,gender,male,1499,1499,2,0.00133422281521014,0,0,,real
lcnn_lfcc__P1__seed42,internal_test,duration_tertile,short,1000,366,2,0.00546448087431694,634,2,0.0031545741324921135,real
lcnn_lfcc__P1__seed42,internal_test,duration_tertile,medium,999,541,0,0.0,458,1,0.002183406113537118,real
lcnn_lfcc__P1__seed42,internal_test,duration_tertile,long,999,592,0,0.0,407,0,0.0,real
lcnn_lfcc__P1__seed42,internal_test,snr_proxy_tertile,low,1000,61,0,0.0,939,1,0.0010649627263045794,real
lcnn_lfcc__P1__seed42,internal_test,snr_proxy_tertile,mid,999,552,0,0.0,447,1,0.0022371364653243847,real
lcnn_lfcc__P1__seed42,internal_test,snr_proxy_tertile,high,999,886,2,0.002257336343115124,113,1,0.008849557522123894,real
lcnn_lfcc__P1__seed42,internal_test,trailing_silence,<0.05s,1472,0,0,,1472,3,0.0020380434782608695,real
lcnn_lfcc__P1__seed42,internal_test,trailing_silence,0.05-0.3s,26,0,0,,26,0,0.0,real
lcnn_lfcc__P1__seed42,internal_test,trailing_silence,>0.3s,1500,1499,2,0.00133422281521014,1,0,0.0,real
lcnn_lfcc__P1__seed42,internal_test,clipping,unclipped,2998,1499,2,0.00133422281521014,1499,3,0.0020013342228152103,real
lcnn_lfcc__P1__seed42,internal_test,confidence_quintile,q1 (least),600,457,2,0.00437636761487965,143,3,0.02097902097902098,real
lcnn_lfcc__P1__seed42,internal_test,confidence_quintile,q2,599,364,0,0.0,235,0,0.0,real
lcnn_lfcc__P1__seed42,internal_test,confidence_quintile,q3,600,313,0,0.0,287,0,0.0,real
lcnn_lfcc__P1__seed42,internal_test,confidence_quintile,q4,600,216,0,0.0,384,0,0.0,real
lcnn_lfcc__P1__seed42,internal_test,confidence_quintile,q5 (most),599,149,0,0.0,450,0,0.0,real
lcnn_lfcc__P1__seed42,external_BF-MOZ,corpus,BF-MOZ,5594,2797,5,0.001787629603146228,2797,635,0.22702895959957098,real
lcnn_lfcc__P1__seed42,external_BF-MOZ,speaker,BF-MOZ-s1,918,0,0,,918,253,0.275599128540305,real
lcnn_lfcc__P1__seed42,external_BF-MOZ,speaker,BF-MOZ-s2,573,0,0,,573,95,0.16579406631762653,real
lcnn_lfcc__P1__seed42,external_BF-MOZ,speaker,BF-MOZ-s3,537,0,0,,537,31,0.05772811918063315,real
lcnn_lfcc__P1__seed42,external_BF-MOZ,speaker,BF-MOZ-s4,420,0,0,,420,41,0.09761904761904762,real
lcnn_lfcc__P1__seed42,external_BF-MOZ,speaker,BF-MOZ-s5,349,0,0,,349,215,0.6160458452722063,real
lcnn_lfcc__P1__seed42,external_BF-MOZ,speaker,BF-VITS-voice,2797,2797,5,0.001787629603146228,0,0,,real
lcnn_lfcc__P1__seed42,external_BF-MOZ,gender,male,2797,2797,5,0.001787629603146228,0,0,,real
lcnn_lfcc__P1__seed42,external_BF-MOZ,set,BF-MOZ-s1,1836,918,3,0.0032679738562091504,918,253,0.275599128540305,real
lcnn_lfcc__P1__seed42,external_BF-MOZ,set,BF-MOZ-s2,1146,573,0,0.0,573,95,0.16579406631762653,real
lcnn_lfcc__P1__seed42,external_BF-MOZ,set,BF-MOZ-s3,1074,537,1,0.00186219739292365,537,31,0.05772811918063315,real
lcnn_lfcc__P1__seed42,external_BF-MOZ,set,BF-MOZ-s4,840,420,0,0.0,420,41,0.09761904761904762,real
lcnn_lfcc__P1__seed42,external_BF-MOZ,set,BF-MOZ-s5,698,349,1,0.0028653295128939827,349,215,0.6160458452722063,real
lcnn_lfcc__P1__seed42,external_BF-MOZ,duration_tertile,short,1869,666,3,0.0045045045045045045,1203,206,0.171238570241064,real
lcnn_lfcc__P1__seed42,external_BF-MOZ,duration_tertile,medium,1860,899,1,0.0011123470522803114,961,246,0.2559833506763788,real
lcnn_lfcc__P1__seed42,external_BF-MOZ,duration_tertile,long,1865,1232,1,0.0008116883116883117,633,183,0.2890995260663507,real
lcnn_lfcc__P1__seed42,external_BF-MOZ,snr_proxy_tertile,low,1865,749,2,0.0026702269692923898,1116,143,0.12813620071684587,real
lcnn_lfcc__P1__seed42,external_BF-MOZ,snr_proxy_tertile,mid,1864,1544,0,0.0,320,92,0.2875,real
lcnn_lfcc__P1__seed42,external_BF-MOZ,snr_proxy_tertile,high,1865,504,3,0.005952380952380952,1361,400,0.29390154298310067,real
lcnn_lfcc__P1__seed42,external_BF-MOZ,trailing_silence,<0.05s,552,0,0,,552,104,0.18840579710144928,real
lcnn_lfcc__P1__seed42,external_BF-MOZ,trailing_silence,0.05-0.3s,413,0,0,,413,81,0.19612590799031476,real
lcnn_lfcc__P1__seed42,external_BF-MOZ,trailing_silence,>0.3s,4629,2797,5,0.001787629603146228,1832,450,0.24563318777292575,real
lcnn_lfcc__P1__seed42,external_BF-MOZ,clipping,clipped,44,0,0,,44,23,0.5227272727272727,real
lcnn_lfcc__P1__seed42,external_BF-MOZ,clipping,unclipped,5550,2797,5,0.001787629603146228,2753,612,0.22230294224482383,real
lcnn_lfcc__P1__seed42,external_BF-MOZ,confidence_quintile,q1 (least),1119,187,5,0.026737967914438502,932,362,0.388412017167382,real
lcnn_lfcc__P1__seed42,external_BF-MOZ,confidence_quintile,q2,1119,591,0,0.0,528,98,0.1856060606060606,real
lcnn_lfcc__P1__seed42,external_BF-MOZ,confidence_quintile,q3,1118,728,0,0.0,390,72,0.18461538461538463,real
lcnn_lfcc__P1__seed42,external_BF-MOZ,confidence_quintile,q4,1119,725,0,0.0,394,51,0.12944162436548223,real
lcnn_lfcc__P1__seed42,external_BF-MOZ,confidence_quintile,q5 (most),1119,566,0,0.0,553,52,0.09403254972875226,real
lcnn_lfcc__P1__seed42,external_MEN,corpus,MEN,4500,2250,1964,0.8728888888888889,2250,440,0.19555555555555557,real
lcnn_lfcc__P1__seed42,external_MEN,speaker,MEN-S10F03,60,30,15,0.5,30,10,0.3333333333333333,real
lcnn_lfcc__P1__seed42,external_MEN,speaker,MEN-S10F04,60,30,19,0.6333333333333333,30,27,0.9,real
lcnn_lfcc__P1__seed42,external_MEN,speaker,MEN-S10F05,60,30,24,0.8,30,16,0.5333333333333333,real
lcnn_lfcc__P1__seed42,external_MEN,speaker,MEN-S10M01,60,30,30,1.0,30,0,0.0,real
lcnn_lfcc__P1__seed42,external_MEN,speaker,MEN-S10M02,60,30,22,0.7333333333333333,30,0,0.0,real
lcnn_lfcc__P1__seed42,external_MEN,speaker,MEN-S11F02,60,30,14,0.4666666666666667,30,0,0.0,real
lcnn_lfcc__P1__seed42,external_MEN,speaker,MEN-S11F04,60,30,26,0.8666666666666667,30,11,0.36666666666666664,real
lcnn_lfcc__P1__seed42,external_MEN,speaker,MEN-S11M01,60,30,30,1.0,30,0,0.0,real
lcnn_lfcc__P1__seed42,external_MEN,speaker,MEN-S11M03,60,30,29,0.9666666666666667,30,13,0.43333333333333335,real
lcnn_lfcc__P1__seed42,external_MEN,speaker,MEN-S11M05,60,30,28,0.9333333333333333,30,7,0.23333333333333334,real
lcnn_lfcc__P1__seed42,external_MEN,speaker,MEN-S12F01,60,30,26,0.8666666666666667,30,0,0.0,real
lcnn_lfcc__P1__seed42,external_MEN,speaker,MEN-S12F02,60,30,23,0.7666666666666667,30,1,0.03333333333333333,real
lcnn_lfcc__P1__seed42,external_MEN,speaker,MEN-S12F04,60,30,27,0.9,30,2,0.06666666666666667,real
lcnn_lfcc__P1__seed42,external_MEN,speaker,MEN-S12M03,60,30,29,0.9666666666666667,30,7,0.23333333333333334,real
lcnn_lfcc__P1__seed42,external_MEN,speaker,MEN-S12M05,60,30,29,0.9666666666666667,30,5,0.16666666666666666,real
lcnn_lfcc__P1__seed42,external_MEN,speaker,MEN-S13F02,60,30,22,0.7333333333333333,30,6,0.2,real
lcnn_lfcc__P1__seed42,external_MEN,speaker,MEN-S13F03,60,30,27,0.9,30,4,0.13333333333333333,real
lcnn_lfcc__P1__seed42,external_MEN,speaker,MEN-S13F05,60,30,25,0.8333333333333334,30,22,0.7333333333333333,real
lcnn_lfcc__P1__seed42,external_MEN,speaker,MEN-S13M01,60,30,30,1.0,30,0,0.0,real
lcnn_lfcc__P1__seed42,external_MEN,speaker,MEN-S13M04,60,30,30,1.0,30,2,0.06666666666666667,real
lcnn_lfcc__P1__seed42,external_MEN,speaker,MEN-S14F02,60,30,30,1.0,30,1,0.03333333333333333,real
lcnn_lfcc__P1__seed42,external_MEN,speaker,MEN-S14M01,60,30,30,1.0,30,0,0.0,real
lcnn_lfcc__P1__seed42,external_MEN,speaker,MEN-S14M03,60,30,29,0.9666666666666667,30,0,0.0,real
lcnn_lfcc__P1__seed42,external_MEN,speaker,MEN-S14M04,60,30,27,0.9,30,2,0.06666666666666667,real
lcnn_lfcc__P1__seed42,external_MEN,speaker,MEN-S14M05,60,30,30,1.0,30,1,0.03333333333333333,real
lcnn_lfcc__P1__seed42,external_MEN,speaker,MEN-S15F01,60,30,24,0.8,30,3,0.1,real
lcnn_lfcc__P1__seed42,external_MEN,speaker,MEN-S15M02,60,30,30,1.0,30,2,0.06666666666666667,real
lcnn_lfcc__P1__seed42,external_MEN,speaker,MEN-S15M03,60,30,27,0.9,30,26,0.8666666666666667,real
lcnn_lfcc__P1__seed42,external_MEN,speaker,MEN-S15M04,60,30,28,0.9333333333333333,30,3,0.1,real
lcnn_lfcc__P1__seed42,external_MEN,speaker,MEN-S15M05,60,30,30,1.0,30,1,0.03333333333333333,real
lcnn_lfcc__P1__seed42,external_MEN,speaker,MEN-S1F03,60,30,25,0.8333333333333334,30,8,0.26666666666666666,real
lcnn_lfcc__P1__seed42,external_MEN,speaker,MEN-S1F04,60,30,22,0.7333333333333333,30,4,0.13333333333333333,real
lcnn_lfcc__P1__seed42,external_MEN,speaker,MEN-S1F05,60,30,17,0.5666666666666667,30,3,0.1,real
lcnn_lfcc__P1__seed42,external_MEN,speaker,MEN-S1M01,60,30,30,1.0,30,0,0.0,real
lcnn_lfcc__P1__seed42,external_MEN,speaker,MEN-S1M02,60,30,30,1.0,30,2,0.06666666666666667,real
lcnn_lfcc__P1__seed42,external_MEN,speaker,MEN-S2F01,60,30,29,0.9666666666666667,30,1,0.03333333333333333,real
lcnn_lfcc__P1__seed42,external_MEN,speaker,MEN-S2M02,60,30,29,0.9666666666666667,30,0,0.0,real
lcnn_lfcc__P1__seed42,external_MEN,speaker,MEN-S2M03,60,30,29,0.9666666666666667,30,0,0.0,real
lcnn_lfcc__P1__seed42,external_MEN,speaker,MEN-S2M04,60,30,30,1.0,30,5,0.16666666666666666,real
lcnn_lfcc__P1__seed42,external_MEN,speaker,MEN-S2M05,60,30,28,0.9333333333333333,30,0,0.0,real
lcnn_lfcc__P1__seed42,external_MEN,speaker,MEN-S3F01,60,30,22,0.7333333333333333,30,0,0.0,real
lcnn_lfcc__P1__seed42,external_MEN,speaker,MEN-S3F02,60,30,28,0.9333333333333333,30,2,0.06666666666666667,real
lcnn_lfcc__P1__seed42,external_MEN,speaker,MEN-S3M03,60,30,25,0.8333333333333334,30,3,0.1,real
lcnn_lfcc__P1__seed42,external_MEN,speaker,MEN-S3M04,60,30,30,1.0,30,0,0.0,real
lcnn_lfcc__P1__seed42,external_MEN,speaker,MEN-S3M05,60,30,26,0.8666666666666667,30,1,0.03333333333333333,real
lcnn_lfcc__P1__seed42,external_MEN,speaker,MEN-S4F02,60,30,26,0.8666666666666667,30,4,0.13333333333333333,real
lcnn_lfcc__P1__seed42,external_MEN,speaker,MEN-S4F03,60,30,18,0.6,30,2,0.06666666666666667,real
lcnn_lfcc__P1__seed42,external_MEN,speaker,MEN-S4F04,60,30,24,0.8,30,7,0.23333333333333334,real
lcnn_lfcc__P1__seed42,external_MEN,speaker,MEN-S4F05,60,30,18,0.6,30,16,0.5333333333333333,real
lcnn_lfcc__P1__seed42,external_MEN,speaker,MEN-S4M01,60,30,30,1.0,30,0,0.0,real
lcnn_lfcc__P1__seed42,external_MEN,speaker,MEN-S5F01,60,30,26,0.8666666666666667,30,1,0.03333333333333333,real
lcnn_lfcc__P1__seed42,external_MEN,speaker,MEN-S5F03,60,30,24,0.8,30,9,0.3,real
lcnn_lfcc__P1__seed42,external_MEN,speaker,MEN-S5F05,60,30,27,0.9,30,0,0.0,real
lcnn_lfcc__P1__seed42,external_MEN,speaker,MEN-S5M02,60,30,29,0.9666666666666667,30,1,0.03333333333333333,real
lcnn_lfcc__P1__seed42,external_MEN,speaker,MEN-S5M04,60,30,28,0.9333333333333333,30,23,0.7666666666666667,real
lcnn_lfcc__P1__seed42,external_MEN,speaker,MEN-S6F03,60,30,24,0.8,30,15,0.5,real
lcnn_lfcc__P1__seed42,external_MEN,speaker,MEN-S6F04,60,30,22,0.7333333333333333,30,25,0.8333333333333334,real
lcnn_lfcc__P1__seed42,external_MEN,speaker,MEN-S6M01,60,30,27,0.9,30,24,0.8,real
lcnn_lfcc__P1__seed42,external_MEN,speaker,MEN-S6M02,60,30,30,1.0,30,0,0.0,real
lcnn_lfcc__P1__seed42,external_MEN,speaker,MEN-S6M05,60,30,29,0.9666666666666667,30,1,0.03333333333333333,real
lcnn_lfcc__P1__seed42,external_MEN,speaker,MEN-S7F04,60,30,29,0.9666666666666667,30,3,0.1,real
lcnn_lfcc__P1__seed42,external_MEN,speaker,MEN-S7F05,60,30,22,0.7333333333333333,30,2,0.06666666666666667,real
lcnn_lfcc__P1__seed42,external_MEN,speaker,MEN-S7M01,60,30,30,1.0,30,0,0.0,real
lcnn_lfcc__P1__seed42,external_MEN,speaker,MEN-S7M02,60,30,29,0.9666666666666667,30,0,0.0,real
lcnn_lfcc__P1__seed42,external_MEN,speaker,MEN-S7M03,60,30,29,0.9666666666666667,30,1,0.03333333333333333,real
lcnn_lfcc__P1__seed42,external_MEN,speaker,MEN-S8F01,60,30,28,0.9333333333333333,30,0,0.0,real
lcnn_lfcc__P1__seed42,external_MEN,speaker,MEN-S8F02,60,30,28,0.9333333333333333,30,0,0.0,real
lcnn_lfcc__P1__seed42,external_MEN,speaker,MEN-S8F03,60,30,30,1.0,30,2,0.06666666666666667,real
lcnn_lfcc__P1__seed42,external_MEN,speaker,MEN-S8F04,60,30,24,0.8,30,24,0.8,real
lcnn_lfcc__P1__seed42,external_MEN,speaker,MEN-S8F05,60,30,24,0.8,30,15,0.5,real
lcnn_lfcc__P1__seed42,external_MEN,speaker,MEN-S9F01,60,30,28,0.9333333333333333,30,2,0.06666666666666667,real
lcnn_lfcc__P1__seed42,external_MEN,speaker,MEN-S9F03,60,30,16,0.5333333333333333,30,22,0.7333333333333333,real
lcnn_lfcc__P1__seed42,external_MEN,speaker,MEN-S9M02,60,30,26,0.8666666666666667,30,27,0.9,real
lcnn_lfcc__P1__seed42,external_MEN,speaker,MEN-S9M04,60,30,22,0.7333333333333333,30,0,0.0,real
lcnn_lfcc__P1__seed42,external_MEN,speaker,MEN-S9M05,60,30,27,0.9,30,13,0.43333333333333335,real
lcnn_lfcc__P1__seed42,external_MEN,gender,female,2220,1110,883,0.7954954954954955,1110,270,0.24324324324324326,real
lcnn_lfcc__P1__seed42,external_MEN,gender,male,2280,1140,1081,0.9482456140350877,1140,170,0.14912280701754385,real
lcnn_lfcc__P1__seed42,external_MEN,set,S1,300,150,124,0.8266666666666667,150,17,0.11333333333333333,real
lcnn_lfcc__P1__seed42,external_MEN,set,S10,300,150,110,0.7333333333333333,150,53,0.35333333333333333,real
lcnn_lfcc__P1__seed42,external_MEN,set,S11,300,150,127,0.8466666666666667,150,31,0.20666666666666667,real
lcnn_lfcc__P1__seed42,external_MEN,set,S12,300,150,134,0.8933333333333333,150,15,0.1,real
lcnn_lfcc__P1__seed42,external_MEN,set,S13,300,150,134,0.8933333333333333,150,34,0.22666666666666666,real
lcnn_lfcc__P1__seed42,external_MEN,set,S14,300,150,146,0.9733333333333334,150,4,0.02666666666666667,real
lcnn_lfcc__P1__seed42,external_MEN,set,S15,300,150,139,0.9266666666666666,150,35,0.23333333333333334,real
lcnn_lfcc__P1__seed42,external_MEN,set,S2,300,150,145,0.9666666666666667,150,6,0.04,real
lcnn_lfcc__P1__seed42,external_MEN,set,S3,300,150,131,0.8733333333333333,150,6,0.04,real
lcnn_lfcc__P1__seed42,external_MEN,set,S4,300,150,116,0.7733333333333333,150,29,0.19333333333333333,real
lcnn_lfcc__P1__seed42,external_MEN,set,S5,300,150,134,0.8933333333333333,150,34,0.22666666666666666,real
lcnn_lfcc__P1__seed42,external_MEN,set,S6,300,150,132,0.88,150,65,0.43333333333333335,real
lcnn_lfcc__P1__seed42,external_MEN,set,S7,300,150,139,0.9266666666666666,150,6,0.04,real
lcnn_lfcc__P1__seed42,external_MEN,set,S8,300,150,134,0.8933333333333333,150,41,0.2733333333333333,real
lcnn_lfcc__P1__seed42,external_MEN,set,S9,300,150,119,0.7933333333333333,150,64,0.4266666666666667,real
lcnn_lfcc__P1__seed42,external_MEN,duration_tertile,short,1558,639,551,0.8622848200312989,919,169,0.1838955386289445,real
lcnn_lfcc__P1__seed42,external_MEN,duration_tertile,medium,1481,757,653,0.8626155878467635,724,136,0.1878453038674033,real
lcnn_lfcc__P1__seed42,external_MEN,duration_tertile,long,1461,854,760,0.8899297423887588,607,135,0.22240527182866557,real
lcnn_lfcc__P1__seed42,external_MEN,snr_proxy_tertile,low,1500,5,5,1.0,1495,365,0.24414715719063546,real
lcnn_lfcc__P1__seed42,external_MEN,snr_proxy_tertile,mid,1500,1032,882,0.8546511627906976,468,68,0.1452991452991453,real
lcnn_lfcc__P1__seed42,external_MEN,snr_proxy_tertile,high,1500,1213,1077,0.887881286067601,287,7,0.024390243902439025,real
lcnn_lfcc__P1__seed42,external_MEN,trailing_silence,<0.05s,3842,1813,1595,0.8797573083287369,2029,434,0.21389847215377034,real
lcnn_lfcc__P1__seed42,external_MEN,trailing_silence,0.05-0.3s,495,414,348,0.8405797101449275,81,3,0.037037037037037035,real
lcnn_lfcc__P1__seed42,external_MEN,trailing_silence,>0.3s,163,23,21,0.9130434782608695,140,3,0.02142857142857143,real
lcnn_lfcc__P1__seed42,external_MEN,clipping,clipped,1937,1925,1679,0.8722077922077922,12,9,0.75,real
lcnn_lfcc__P1__seed42,external_MEN,clipping,unclipped,2563,325,285,0.8769230769230769,2238,431,0.19258266309204647,real
lcnn_lfcc__P1__seed42,external_MEN,confidence_quintile,q1 (least),900,403,238,0.5905707196029777,497,214,0.4305835010060362,real
lcnn_lfcc__P1__seed42,external_MEN,confidence_quintile,q2,902,399,314,0.7869674185463659,503,111,0.220675944333996,real
lcnn_lfcc__P1__seed42,external_MEN,confidence_quintile,q3,898,380,350,0.9210526315789473,518,65,0.12548262548262548,real
lcnn_lfcc__P1__seed42,external_MEN,confidence_quintile,q4,900,496,490,0.9879032258064516,404,33,0.08168316831683169,real
lcnn_lfcc__P1__seed42,external_MEN,confidence_quintile,q5 (most),900,572,572,1.0,328,17,0.051829268292682924,real
bscan_orig6s__P1__seed42,internal_test,corpus,BF-SUST,2998,1499,5,0.00333555703802535,1499,2,0.00133422281521014,real
bscan_orig6s__P1__seed42,internal_test,speaker,BF-SUST-speaker,1499,0,0,,1499,2,0.00133422281521014,real
bscan_orig6s__P1__seed42,internal_test,speaker,BF-VITS-voice,1499,1499,5,0.00333555703802535,0,0,,real
bscan_orig6s__P1__seed42,internal_test,gender,male,1499,1499,5,0.00333555703802535,0,0,,real
bscan_orig6s__P1__seed42,internal_test,duration_tertile,short,1000,366,4,0.01092896174863388,634,1,0.0015772870662460567,real
bscan_orig6s__P1__seed42,internal_test,duration_tertile,medium,999,541,1,0.0018484288354898336,458,1,0.002183406113537118,real
bscan_orig6s__P1__seed42,internal_test,duration_tertile,long,999,592,0,0.0,407,0,0.0,real
bscan_orig6s__P1__seed42,internal_test,snr_proxy_tertile,low,1000,61,0,0.0,939,0,0.0,real
bscan_orig6s__P1__seed42,internal_test,snr_proxy_tertile,mid,999,552,0,0.0,447,1,0.0022371364653243847,real
bscan_orig6s__P1__seed42,internal_test,snr_proxy_tertile,high,999,886,5,0.0056433408577878106,113,1,0.008849557522123894,real
bscan_orig6s__P1__seed42,internal_test,trailing_silence,<0.05s,1472,0,0,,1472,2,0.001358695652173913,real
bscan_orig6s__P1__seed42,internal_test,trailing_silence,0.05-0.3s,26,0,0,,26,0,0.0,real
bscan_orig6s__P1__seed42,internal_test,trailing_silence,>0.3s,1500,1499,5,0.00333555703802535,1,0,0.0,real
bscan_orig6s__P1__seed42,internal_test,clipping,unclipped,2998,1499,5,0.00333555703802535,1499,2,0.00133422281521014,real
bscan_orig6s__P1__seed42,internal_test,confidence_quintile,q1 (least),603,453,5,0.011037527593818985,150,2,0.013333333333333334,real
bscan_orig6s__P1__seed42,internal_test,confidence_quintile,q2,596,500,0,0.0,96,0,0.0,real
bscan_orig6s__P1__seed42,internal_test,confidence_quintile,q3,600,429,0,0.0,171,0,0.0,real
bscan_orig6s__P1__seed42,internal_test,confidence_quintile,q4,601,113,0,0.0,488,0,0.0,real
bscan_orig6s__P1__seed42,internal_test,confidence_quintile,q5 (most),598,4,0,0.0,594,0,0.0,real
bscan_orig6s__P1__seed42,external_BF-MOZ,corpus,BF-MOZ,5594,2797,7,0.0025026814444047193,2797,0,0.0,real
bscan_orig6s__P1__seed42,external_BF-MOZ,speaker,BF-MOZ-s1,918,0,0,,918,0,0.0,real
bscan_orig6s__P1__seed42,external_BF-MOZ,speaker,BF-MOZ-s2,573,0,0,,573,0,0.0,real
bscan_orig6s__P1__seed42,external_BF-MOZ,speaker,BF-MOZ-s3,537,0,0,,537,0,0.0,real
bscan_orig6s__P1__seed42,external_BF-MOZ,speaker,BF-MOZ-s4,420,0,0,,420,0,0.0,real
bscan_orig6s__P1__seed42,external_BF-MOZ,speaker,BF-MOZ-s5,349,0,0,,349,0,0.0,real
bscan_orig6s__P1__seed42,external_BF-MOZ,speaker,BF-VITS-voice,2797,2797,7,0.0025026814444047193,0,0,,real
bscan_orig6s__P1__seed42,external_BF-MOZ,gender,male,2797,2797,7,0.0025026814444047193,0,0,,real
bscan_orig6s__P1__seed42,external_BF-MOZ,set,BF-MOZ-s1,1836,918,3,0.0032679738562091504,918,0,0.0,real
bscan_orig6s__P1__seed42,external_BF-MOZ,set,BF-MOZ-s2,1146,573,1,0.0017452006980802793,573,0,0.0,real
bscan_orig6s__P1__seed42,external_BF-MOZ,set,BF-MOZ-s3,1074,537,3,0.00558659217877095,537,0,0.0,real
bscan_orig6s__P1__seed42,external_BF-MOZ,set,BF-MOZ-s4,840,420,0,0.0,420,0,0.0,real
bscan_orig6s__P1__seed42,external_BF-MOZ,set,BF-MOZ-s5,698,349,0,0.0,349,0,0.0,real
bscan_orig6s__P1__seed42,external_BF-MOZ,duration_tertile,short,1869,666,5,0.0075075075075075074,1203,0,0.0,real
bscan_orig6s__P1__seed42,external_BF-MOZ,duration_tertile,medium,1860,899,0,0.0,961,0,0.0,real
bscan_orig6s__P1__seed42,external_BF-MOZ,duration_tertile,long,1865,1232,2,0.0016233766233766235,633,0,0.0,real
bscan_orig6s__P1__seed42,external_BF-MOZ,snr_proxy_tertile,low,1865,749,2,0.0026702269692923898,1116,0,0.0,real
bscan_orig6s__P1__seed42,external_BF-MOZ,snr_proxy_tertile,mid,1864,1544,0,0.0,320,0,0.0,real
bscan_orig6s__P1__seed42,external_BF-MOZ,snr_proxy_tertile,high,1865,504,5,0.00992063492063492,1361,0,0.0,real
bscan_orig6s__P1__seed42,external_BF-MOZ,trailing_silence,<0.05s,552,0,0,,552,0,0.0,real
bscan_orig6s__P1__seed42,external_BF-MOZ,trailing_silence,0.05-0.3s,413,0,0,,413,0,0.0,real
bscan_orig6s__P1__seed42,external_BF-MOZ,trailing_silence,>0.3s,4629,2797,7,0.0025026814444047193,1832,0,0.0,real
bscan_orig6s__P1__seed42,external_BF-MOZ,clipping,clipped,44,0,0,,44,0,0.0,real
bscan_orig6s__P1__seed42,external_BF-MOZ,clipping,unclipped,5550,2797,7,0.0025026814444047193,2753,0,0.0,real
bscan_orig6s__P1__seed42,external_BF-MOZ,confidence_quintile,q1 (least),1121,1121,7,0.006244424620874219,0,0,,real
bscan_orig6s__P1__seed42,external_BF-MOZ,confidence_quintile,q2,1123,1123,0,0.0,0,0,,real
bscan_orig6s__P1__seed42,external_BF-MOZ,confidence_quintile,q3,1114,553,0,0.0,561,0,0.0,real
bscan_orig6s__P1__seed42,external_BF-MOZ,confidence_quintile,q4,1119,0,0,,1119,0,0.0,real
bscan_orig6s__P1__seed42,external_BF-MOZ,confidence_quintile,q5 (most),1117,0,0,,1117,0,0.0,real
bscan_orig6s__P1__seed42,external_MEN,corpus,MEN,4500,2250,1356,0.6026666666666667,2250,490,0.21777777777777776,real
bscan_orig6s__P1__seed42,external_MEN,speaker,MEN-S10F03,60,30,8,0.26666666666666666,30,14,0.4666666666666667,real
bscan_orig6s__P1__seed42,external_MEN,speaker,MEN-S10F04,60,30,20,0.6666666666666666,30,29,0.9666666666666667,real
bscan_orig6s__P1__seed42,external_MEN,speaker,MEN-S10F05,60,30,16,0.5333333333333333,30,11,0.36666666666666664,real
bscan_orig6s__P1__seed42,external_MEN,speaker,MEN-S10M01,60,30,29,0.9666666666666667,30,0,0.0,real
bscan_orig6s__P1__seed42,external_MEN,speaker,MEN-S10M02,60,30,20,0.6666666666666666,30,0,0.0,real
bscan_orig6s__P1__seed42,external_MEN,speaker,MEN-S11F02,60,30,21,0.7,30,0,0.0,real
bscan_orig6s__P1__seed42,external_MEN,speaker,MEN-S11F04,60,30,25,0.8333333333333334,30,2,0.06666666666666667,real
bscan_orig6s__P1__seed42,external_MEN,speaker,MEN-S11M01,60,30,16,0.5333333333333333,30,0,0.0,real
bscan_orig6s__P1__seed42,external_MEN,speaker,MEN-S11M03,60,30,16,0.5333333333333333,30,1,0.03333333333333333,real
bscan_orig6s__P1__seed42,external_MEN,speaker,MEN-S11M05,60,30,23,0.7666666666666667,30,5,0.16666666666666666,real
bscan_orig6s__P1__seed42,external_MEN,speaker,MEN-S12F01,60,30,28,0.9333333333333333,30,0,0.0,real
bscan_orig6s__P1__seed42,external_MEN,speaker,MEN-S12F02,60,30,13,0.43333333333333335,30,6,0.2,real
bscan_orig6s__P1__seed42,external_MEN,speaker,MEN-S12F04,60,30,26,0.8666666666666667,30,3,0.1,real
bscan_orig6s__P1__seed42,external_MEN,speaker,MEN-S12M03,60,30,15,0.5,30,0,0.0,real
bscan_orig6s__P1__seed42,external_MEN,speaker,MEN-S12M05,60,30,9,0.3,30,20,0.6666666666666666,real
bscan_orig6s__P1__seed42,external_MEN,speaker,MEN-S13F02,60,30,20,0.6666666666666666,30,23,0.7666666666666667,real
bscan_orig6s__P1__seed42,external_MEN,speaker,MEN-S13F03,60,30,19,0.6333333333333333,30,11,0.36666666666666664,real
bscan_orig6s__P1__seed42,external_MEN,speaker,MEN-S13F05,60,30,20,0.6666666666666666,30,11,0.36666666666666664,real
bscan_orig6s__P1__seed42,external_MEN,speaker,MEN-S13M01,60,30,14,0.4666666666666667,30,0,0.0,real
bscan_orig6s__P1__seed42,external_MEN,speaker,MEN-S13M04,60,30,19,0.6333333333333333,30,5,0.16666666666666666,real
bscan_orig6s__P1__seed42,external_MEN,speaker,MEN-S14F02,60,30,29,0.9666666666666667,30,0,0.0,real
bscan_orig6s__P1__seed42,external_MEN,speaker,MEN-S14M01,60,30,23,0.7666666666666667,30,0,0.0,real
bscan_orig6s__P1__seed42,external_MEN,speaker,MEN-S14M03,60,30,17,0.5666666666666667,30,2,0.06666666666666667,real
bscan_orig6s__P1__seed42,external_MEN,speaker,MEN-S14M04,60,30,5,0.16666666666666666,30,2,0.06666666666666667,real
bscan_orig6s__P1__seed42,external_MEN,speaker,MEN-S14M05,60,30,12,0.4,30,9,0.3,real
bscan_orig6s__P1__seed42,external_MEN,speaker,MEN-S15F01,60,30,26,0.8666666666666667,30,0,0.0,real
bscan_orig6s__P1__seed42,external_MEN,speaker,MEN-S15M02,60,30,11,0.36666666666666664,30,14,0.4666666666666667,real
bscan_orig6s__P1__seed42,external_MEN,speaker,MEN-S15M03,60,30,19,0.6333333333333333,30,28,0.9333333333333333,real
bscan_orig6s__P1__seed42,external_MEN,speaker,MEN-S15M04,60,30,21,0.7,30,30,1.0,real
bscan_orig6s__P1__seed42,external_MEN,speaker,MEN-S15M05,60,30,14,0.4666666666666667,30,3,0.1,real
bscan_orig6s__P1__seed42,external_MEN,speaker,MEN-S1F03,60,30,27,0.9,30,1,0.03333333333333333,real
bscan_orig6s__P1__seed42,external_MEN,speaker,MEN-S1F04,60,30,12,0.4,30,4,0.13333333333333333,real
bscan_orig6s__P1__seed42,external_MEN,speaker,MEN-S1F05,60,30,11,0.36666666666666664,30,12,0.4,real
bscan_orig6s__P1__seed42,external_MEN,speaker,MEN-S1M01,60,30,19,0.6333333333333333,30,0,0.0,real
bscan_orig6s__P1__seed42,external_MEN,speaker,MEN-S1M02,60,30,22,0.7333333333333333,30,3,0.1,real
bscan_orig6s__P1__seed42,external_MEN,speaker,MEN-S2F01,60,30,21,0.7,30,0,0.0,real
bscan_orig6s__P1__seed42,external_MEN,speaker,MEN-S2M02,60,30,9,0.3,30,0,0.0,real
bscan_orig6s__P1__seed42,external_MEN,speaker,MEN-S2M03,60,30,27,0.9,30,0,0.0,real
bscan_orig6s__P1__seed42,external_MEN,speaker,MEN-S2M04,60,30,13,0.43333333333333335,30,2,0.06666666666666667,real
bscan_orig6s__P1__seed42,external_MEN,speaker,MEN-S2M05,60,30,17,0.5666666666666667,30,0,0.0,real
bscan_orig6s__P1__seed42,external_MEN,speaker,MEN-S3F01,60,30,21,0.7,30,0,0.0,real
bscan_orig6s__P1__seed42,external_MEN,speaker,MEN-S3F02,60,30,22,0.7333333333333333,30,1,0.03333333333333333,real
bscan_orig6s__P1__seed42,external_MEN,speaker,MEN-S3M03,60,30,8,0.26666666666666666,30,0,0.0,real
bscan_orig6s__P1__seed42,external_MEN,speaker,MEN-S3M04,60,30,17,0.5666666666666667,30,0,0.0,real
bscan_orig6s__P1__seed42,external_MEN,speaker,MEN-S3M05,60,30,17,0.5666666666666667,30,1,0.03333333333333333,real
bscan_orig6s__P1__seed42,external_MEN,speaker,MEN-S4F02,60,30,29,0.9666666666666667,30,6,0.2,real
bscan_orig6s__P1__seed42,external_MEN,speaker,MEN-S4F03,60,30,23,0.7666666666666667,30,1,0.03333333333333333,real
bscan_orig6s__P1__seed42,external_MEN,speaker,MEN-S4F04,60,30,24,0.8,30,12,0.4,real
bscan_orig6s__P1__seed42,external_MEN,speaker,MEN-S4F05,60,30,13,0.43333333333333335,30,16,0.5333333333333333,real
bscan_orig6s__P1__seed42,external_MEN,speaker,MEN-S4M01,60,30,18,0.6,30,0,0.0,real
bscan_orig6s__P1__seed42,external_MEN,speaker,MEN-S5F01,60,30,15,0.5,30,0,0.0,real
bscan_orig6s__P1__seed42,external_MEN,speaker,MEN-S5F03,60,30,16,0.5333333333333333,30,8,0.26666666666666666,real
bscan_orig6s__P1__seed42,external_MEN,speaker,MEN-S5F05,60,30,26,0.8666666666666667,30,0,0.0,real
bscan_orig6s__P1__seed42,external_MEN,speaker,MEN-S5M02,60,30,13,0.43333333333333335,30,5,0.16666666666666666,real
bscan_orig6s__P1__seed42,external_MEN,speaker,MEN-S5M04,60,30,7,0.23333333333333334,30,25,0.8333333333333334,real
bscan_orig6s__P1__seed42,external_MEN,speaker,MEN-S6F03,60,30,24,0.8,30,10,0.3333333333333333,real
bscan_orig6s__P1__seed42,external_MEN,speaker,MEN-S6F04,60,30,18,0.6,30,24,0.8,real
bscan_orig6s__P1__seed42,external_MEN,speaker,MEN-S6M01,60,30,13,0.43333333333333335,30,25,0.8333333333333334,real
bscan_orig6s__P1__seed42,external_MEN,speaker,MEN-S6M02,60,30,11,0.36666666666666664,30,0,0.0,real
bscan_orig6s__P1__seed42,external_MEN,speaker,MEN-S6M05,60,30,17,0.5666666666666667,30,7,0.23333333333333334,real
bscan_orig6s__P1__seed42,external_MEN,speaker,MEN-S7F04,60,30,29,0.9666666666666667,30,10,0.3333333333333333,real
bscan_orig6s__P1__seed42,external_MEN,speaker,MEN-S7F05,60,30,22,0.7333333333333333,30,1,0.03333333333333333,real
bscan_orig6s__P1__seed42,external_MEN,speaker,MEN-S7M01,60,30,10,0.3333333333333333,30,0,0.0,real
bscan_orig6s__P1__seed42,external_MEN,speaker,MEN-S7M02,60,30,5,0.16666666666666666,30,2,0.06666666666666667,real
bscan_orig6s__P1__seed42,external_MEN,speaker,MEN-S7M03,60,30,19,0.6333333333333333,30,3,0.1,real
bscan_orig6s__P1__seed42,external_MEN,speaker,MEN-S8F01,60,30,27,0.9,30,3,0.1,real
bscan_orig6s__P1__seed42,external_MEN,speaker,MEN-S8F02,60,30,18,0.6,30,0,0.0,real
bscan_orig6s__P1__seed42,external_MEN,speaker,MEN-S8F03,60,30,18,0.6,30,2,0.06666666666666667,real
bscan_orig6s__P1__seed42,external_MEN,speaker,MEN-S8F04,60,30,14,0.4666666666666667,30,11,0.36666666666666664,real
bscan_orig6s__P1__seed42,external_MEN,speaker,MEN-S8F05,60,30,28,0.9333333333333333,30,14,0.4666666666666667,real
bscan_orig6s__P1__seed42,external_MEN,speaker,MEN-S9F01,60,30,29,0.9666666666666667,30,19,0.6333333333333333,real
bscan_orig6s__P1__seed42,external_MEN,speaker,MEN-S9F03,60,30,14,0.4666666666666667,30,4,0.13333333333333333,real
bscan_orig6s__P1__seed42,external_MEN,speaker,MEN-S9M02,60,30,8,0.26666666666666666,30,15,0.5,real
bscan_orig6s__P1__seed42,external_MEN,speaker,MEN-S9M04,60,30,19,0.6333333333333333,30,1,0.03333333333333333,real
bscan_orig6s__P1__seed42,external_MEN,speaker,MEN-S9M05,60,30,12,0.4,30,13,0.43333333333333335,real
bscan_orig6s__P1__seed42,external_MEN,gender,female,2220,1110,772,0.6954954954954955,1110,269,0.24234234234234234,real
bscan_orig6s__P1__seed42,external_MEN,gender,male,2280,1140,584,0.512280701754386,1140,221,0.193859649122807,real
bscan_orig6s__P1__seed42,external_MEN,set,S1,300,150,91,0.6066666666666667,150,20,0.13333333333333333,real
bscan_orig6s__P1__seed42,external_MEN,set,S10,300,150,93,0.62,150,54,0.36,real
bscan_orig6s__P1__seed42,external_MEN,set,S11,300,150,101,0.6733333333333333,150,8,0.05333333333333334,real
bscan_orig6s__P1__seed42,external_MEN,set,S12,300,150,91,0.6066666666666667,150,29,0.19333333333333333,real
bscan_orig6s__P1__seed42,external_MEN,set,S13,300,150,92,0.6133333333333333,150,50,0.3333333333333333,real
bscan_orig6s__P1__seed42,external_MEN,set,S14,300,150,86,0.5733333333333334,150,13,0.08666666666666667,real
bscan_orig6s__P1__seed42,external_MEN,set,S15,300,150,91,0.6066666666666667,150,75,0.5,real
bscan_orig6s__P1__seed42,external_MEN,set,S2,300,150,87,0.58,150,2,0.013333333333333334,real
bscan_orig6s__P1__seed42,external_MEN,set,S3,300,150,85,0.5666666666666667,150,2,0.013333333333333334,real
bscan_orig6s__P1__seed42,external_MEN,set,S4,300,150,107,0.7133333333333334,150,35,0.23333333333333334,real
bscan_orig6s__P1__seed42,external_MEN,set,S5,300,150,77,0.5133333333333333,150,38,0.25333333333333335,real
bscan_orig6s__P1__seed42,external_MEN,set,S6,300,150,83,0.5533333333333333,150,66,0.44,real
bscan_orig6s__P1__seed42,external_MEN,set,S7,300,150,85,0.5666666666666667,150,16,0.10666666666666667,real
bscan_orig6s__P1__seed42,external_MEN,set,S8,300,150,105,0.7,150,30,0.2,real
bscan_orig6s__P1__seed42,external_MEN,set,S9,300,150,82,0.5466666666666666,150,52,0.3466666666666667,real
bscan_orig6s__P1__seed42,external_MEN,duration_tertile,short,1558,639,384,0.6009389671361502,919,164,0.17845484221980412,real
bscan_orig6s__P1__seed42,external_MEN,duration_tertile,medium,1481,757,448,0.5918097754293263,724,171,0.2361878453038674,real
bscan_orig6s__P1__seed42,external_MEN,duration_tertile,long,1461,854,524,0.6135831381733021,607,155,0.2553542009884679,real
bscan_orig6s__P1__seed42,external_MEN,snr_proxy_tertile,low,1500,5,5,1.0,1495,429,0.28695652173913044,real
bscan_orig6s__P1__seed42,external_MEN,snr_proxy_tertile,mid,1500,1032,661,0.6405038759689923,468,61,0.13034188034188035,real
bscan_orig6s__P1__seed42,external_MEN,snr_proxy_tertile,high,1500,1213,690,0.5688375927452597,287,0,0.0,real
bscan_orig6s__P1__seed42,external_MEN,trailing_silence,<0.05s,3842,1813,1102,0.6078323221180364,2029,490,0.24149827501232135,real
bscan_orig6s__P1__seed42,external_MEN,trailing_silence,0.05-0.3s,495,414,241,0.5821256038647343,81,0,0.0,real
bscan_orig6s__P1__seed42,external_MEN,trailing_silence,>0.3s,163,23,13,0.5652173913043478,140,0,0.0,real
bscan_orig6s__P1__seed42,external_MEN,clipping,clipped,1937,1925,1160,0.6025974025974026,12,0,0.0,real
bscan_orig6s__P1__seed42,external_MEN,clipping,unclipped,2563,325,196,0.6030769230769231,2238,490,0.21894548704200179,real
bscan_orig6s__P1__seed42,external_MEN,confidence_quintile,q1 (least),900,417,213,0.5107913669064749,483,193,0.3995859213250518,real
bscan_orig6s__P1__seed42,external_MEN,confidence_quintile,q2,901,459,222,0.48366013071895425,442,137,0.30995475113122173,real
bscan_orig6s__P1__seed42,external_MEN,confidence_quintile,q3,899,511,232,0.45401174168297453,388,76,0.1958762886597938,real
bscan_orig6s__P1__seed42,external_MEN,confidence_quintile,q4,900,520,365,0.7019230769230769,380,39,0.10263157894736842,real
bscan_orig6s__P1__seed42,external_MEN,confidence_quintile,q5 (most),900,343,324,0.9446064139941691,557,45,0.0807899461400359,real
