run,split,descriptor,n_fn,n_tp,fn_median,tp_median,mann_whitney_p,status
bscan_controlled__P1__seed42,internal_test,duration_sec,11,1488,2.57814,6.264305,4.665948152490469e-07,real
bscan_controlled__P1__seed42,internal_test,snr_proxy_db,11,1488,105.968,60.9094,5.88164363109013e-06,real
bscan_controlled__P1__seed42,internal_test,trailing_silence_sec,11,1488,0.44144,0.4396825,0.48164617958723344,real
bscan_controlled__P1__seed42,internal_test,leading_silence_sec,11,1488,0.01,0.01,0.4249760012524475,real
bscan_controlled__P1__seed42,internal_test,activity_ratio,11,1488,0.645349,0.6774555,0.08227344012740946,real
bscan_controlled__P1__seed42,internal_test,clip_ratio,11,1488,0.0,0.0,,real
bscan_controlled__P1__seed42,internal_test,dc_offset,11,1488,-0.00038001,-0.000410873,0.1592307628461016,real
bscan_controlled__P1__seed42,internal_test,lufs,11,1488,-19.2839,-20.09,2.3773785549314326e-05,real
bscan_controlled__P1__seed42,internal_test,band_edge_hz,11,1488,11025.0,11025.0,,real
bscan_controlled__P1__seed42,external_BF-MOZ,duration_sec,13,2784,3.61143,6.29333,0.00035425687162461385,real
bscan_controlled__P1__seed42,external_BF-MOZ,snr_proxy_db,13,2784,105.519,61.4576,0.014431613299028203,real
bscan_controlled__P1__seed42,external_BF-MOZ,trailing_silence_sec,13,2784,0.448605,0.440907,0.17336614964140507,real
bscan_controlled__P1__seed42,external_BF-MOZ,leading_silence_sec,13,2784,0.01,0.01,0.09969463302666122,real
bscan_controlled__P1__seed42,external_BF-MOZ,activity_ratio,13,2784,0.682432,0.6676,0.9610133454230054,real
bscan_controlled__P1__seed42,external_BF-MOZ,clip_ratio,13,2784,0.0,0.0,,real
bscan_controlled__P1__seed42,external_BF-MOZ,dc_offset,13,2784,-0.00037985,-0.00040334699999999997,0.6676041020328819,real
bscan_controlled__P1__seed42,external_BF-MOZ,lufs,13,2784,-19.7472,-20.0897,0.02482621158051273,real
bscan_controlled__P1__seed42,external_BF-MOZ,band_edge_hz,13,2784,11025.0,11025.0,,real
bscan_controlled__P1__seed42,external_MEN,duration_sec,1710,540,3.42,3.4,0.7439749762509413,real
bscan_controlled__P1__seed42,external_MEN,snr_proxy_db,1710,540,36.977850000000004,36.9237,0.8140234181388651,real
bscan_controlled__P1__seed42,external_MEN,trailing_silence_sec,1710,540,0.005,0.005,0.0006144741436207228,real
bscan_controlled__P1__seed42,external_MEN,leading_silence_sec,1710,540,0.0,0.01,1.7999333557021617e-09,real
bscan_controlled__P1__seed42,external_MEN,activity_ratio,1710,540,0.9,0.8793329999999999,2.0394887634468423e-11,real
bscan_controlled__P1__seed42,external_MEN,clip_ratio,1710,540,1.17041e-05,1.17041e-05,0.8701240506243856,real
bscan_controlled__P1__seed42,external_MEN,dc_offset,1710,540,-0.002690965,-0.0024221499999999997,0.0006436526772074407,real
bscan_controlled__P1__seed42,external_MEN,lufs,1710,540,-16.27925,-17.96525,2.80041666519081e-44,real
bscan_controlled__P1__seed42,external_MEN,band_edge_hz,1710,540,12000.0,12000.0,,real
lfcc_only__P1__seed42,internal_test,duration_sec,3,1496,2.34594,6.24689,0.007519760829360446,real
lfcc_only__P1__seed42,internal_test,snr_proxy_db,3,1496,105.37,60.9163,0.033378122811192165,real
lfcc_only__P1__seed42,internal_test,trailing_silence_sec,3,1496,0.447109,0.4396825,0.2575596279895983,real
lfcc_only__P1__seed42,internal_test,leading_silence_sec,3,1496,0.01,0.01,0.6083284338150069,real
lfcc_only__P1__seed42,internal_test,activity_ratio,3,1496,0.747368,0.6770160000000001,0.11779715482897371,real
lfcc_only__P1__seed42,internal_test,clip_ratio,3,1496,0.0,0.0,,real
lfcc_only__P1__seed42,internal_test,dc_offset,3,1496,-0.00038001,-0.00041068949999999995,0.5882394861120388,real
lfcc_only__P1__seed42,internal_test,lufs,3,1496,-19.0572,-20.0863,0.075892097687665,real
lfcc_only__P1__seed42,internal_test,band_edge_hz,3,1496,11025.0,11025.0,,real
lfcc_only__P1__seed42,external_BF-MOZ,duration_sec,8,2789,3.744945,6.29333,0.00020998550019209967,real
lfcc_only__P1__seed42,external_BF-MOZ,snr_proxy_db,8,2789,105.60050000000001,61.4573,0.0009479962174510793,real
lfcc_only__P1__seed42,external_BF-MOZ,trailing_silence_sec,8,2789,0.4490925,0.440896,0.18563184135034083,real
lfcc_only__P1__seed42,external_BF-MOZ,leading_silence_sec,8,2789,0.01,0.01,0.428276715216246,real
lfcc_only__P1__seed42,external_BF-MOZ,activity_ratio,8,2789,0.6390450000000001,0.667647,0.3377496260781706,real
lfcc_only__P1__seed42,external_BF-MOZ,clip_ratio,8,2789,0.0,0.0,,real
lfcc_only__P1__seed42,external_BF-MOZ,dc_offset,8,2789,-0.000353337,-0.000403338,0.36215260570503793,real
lfcc_only__P1__seed42,external_BF-MOZ,lufs,8,2789,-19.88935,-20.0896,0.24816522700551435,real
lfcc_only__P1__seed42,external_BF-MOZ,band_edge_hz,8,2789,11025.0,11025.0,,real
lfcc_only__P1__seed42,external_MEN,duration_sec,2000,250,3.4,3.42,0.42410481078461404,real
lfcc_only__P1__seed42,external_MEN,snr_proxy_db,2000,250,36.92525,37.101200000000006,0.2419383696333961,real
lfcc_only__P1__seed42,external_MEN,trailing_silence_sec,2000,250,0.005,0.015,5.950900730173981e-06,real
lfcc_only__P1__seed42,external_MEN,leading_silence_sec,2000,250,0.0,0.01,0.0025867546590705305,real
lfcc_only__P1__seed42,external_MEN,activity_ratio,2000,250,0.896746,0.879702,0.00023119759683761957,real
lfcc_only__P1__seed42,external_MEN,clip_ratio,2000,250,1.17041e-05,1.19048e-05,0.5450803145662826,real
lfcc_only__P1__seed42,external_MEN,dc_offset,2000,250,-0.002633575,-0.002427915,0.012883005500914434,real
lfcc_only__P1__seed42,external_MEN,lufs,2000,250,-16.4903,-17.4407,1.9716605950561507e-12,real
lfcc_only__P1__seed42,external_MEN,band_edge_hz,2000,250,12000.0,12000.0,,real
lcnn_lfcc__P1__seed42,internal_test,duration_sec,2,1497,2.247255,6.24689,,real
lcnn_lfcc__P1__seed42,internal_test,snr_proxy_db,2,1497,106.1125,60.9189,,real
lcnn_lfcc__P1__seed42,internal_test,trailing_silence_sec,2,1497,0.447256,0.439694,,real
lcnn_lfcc__P1__seed42,internal_test,leading_silence_sec,2,1497,0.005,0.01,,real
lcnn_lfcc__P1__seed42,internal_test,activity_ratio,2,1497,0.6988624999999999,0.677029,,real
lcnn_lfcc__P1__seed42,internal_test,clip_ratio,2,1497,0.0,0.0,,real
lcnn_lfcc__P1__seed42,internal_test,dc_offset,2,1497,-0.0006566040000000001,-0.000410532,,real
lcnn_lfcc__P1__seed42,internal_test,lufs,2,1497,-18.92335,-20.0866,,real
lcnn_lfcc__P1__seed42,internal_test,band_edge_hz,2,1497,11025.0,11025.0,,real
lcnn_lfcc__P1__seed42,external_BF-MOZ,duration_sec,5,2792,3.90168,6.28172,0.03552146953661557,real
lcnn_lfcc__P1__seed42,external_BF-MOZ,snr_proxy_db,5,2792,105.56,61.4654,0.6421045717060998,real
lcnn_lfcc__P1__seed42,external_BF-MOZ,trailing_silence_sec,5,2792,0.450692,0.440918,0.23067700938237534,real
lcnn_lfcc__P1__seed42,external_BF-MOZ,leading_silence_sec,5,2792,0.01,0.01,0.6125413328102449,real
lcnn_lfcc__P1__seed42,external_BF-MOZ,activity_ratio,5,2792,0.658537,0.6677085,0.4771736633249132,real
lcnn_lfcc__P1__seed42,external_BF-MOZ,clip_ratio,5,2792,0.0,0.0,,real
lcnn_lfcc__P1__seed42,external_BF-MOZ,dc_offset,5,2792,-0.000333599,-0.00040334699999999997,0.1460622119172419,real
lcnn_lfcc__P1__seed42,external_BF-MOZ,lufs,5,2792,-19.7368,-20.089550000000003,0.7575266850955485,real
lcnn_lfcc__P1__seed42,external_BF-MOZ,band_edge_hz,5,2792,11025.0,11025.0,,real
lcnn_lfcc__P1__seed42,external_MEN,duration_sec,1964,286,3.42,3.36,0.030650387512404165,real
lcnn_lfcc__P1__seed42,external_MEN,snr_proxy_db,1964,286,37.03765,36.3785,0.08636572887415649,real
lcnn_lfcc__P1__seed42,external_MEN,trailing_silence_sec,1964,286,0.005,0.005,0.004390635623477779,real
lcnn_lfcc__P1__seed42,external_MEN,leading_silence_sec,1964,286,0.0,0.01,4.38042774132644e-06,real
lcnn_lfcc__P1__seed42,external_MEN,activity_ratio,1964,286,0.897516,0.8746510000000001,8.690419939279312e-07,real
lcnn_lfcc__P1__seed42,external_MEN,clip_ratio,1964,286,1.17041e-05,1.20424e-05,0.2293856463541485,real
lcnn_lfcc__P1__seed42,external_MEN,dc_offset,1964,286,-0.002616055,-0.00254023,0.713051197887165,real
lcnn_lfcc__P1__seed42,external_MEN,lufs,1964,286,-16.39095,-18.41865,2.189864673733992e-40,real
lcnn_lfcc__P1__seed42,external_MEN,band_edge_hz,1964,286,12000.0,12000.0,,real
bscan_orig6s__P1__seed42,internal_test,duration_sec,5,1494,2.77551,6.252694999999999,0.0020969292216850262,real
bscan_orig6s__P1__seed42,internal_test,snr_proxy_db,5,1494,105.736,60.913650000000004,0.01270401007607233,real
bscan_orig6s__P1__seed42,internal_test,trailing_silence_sec,5,1494,0.44051,0.43970549999999997,0.8102609676316239,real
bscan_orig6s__P1__seed42,internal_test,leading_silence_sec,5,1494,0.01,0.01,0.6163945915446085,real
bscan_orig6s__P1__seed42,internal_test,activity_ratio,5,1494,0.724951,0.677003,0.1032286304573043,real
bscan_orig6s__P1__seed42,internal_test,clip_ratio,5,1494,0.0,0.0,,real
bscan_orig6s__P1__seed42,internal_test,dc_offset,5,1494,-0.000441586,-0.00041059099999999997,0.4988591897926494,real
bscan_orig6s__P1__seed42,internal_test,lufs,5,1494,-19.5905,-20.086750000000002,0.10465951267179253,real
bscan_orig6s__P1__seed42,internal_test,band_edge_hz,5,1494,11025.0,11025.0,,real
bscan_orig6s__P1__seed42,external_BF-MOZ,duration_sec,7,2790,2.72907,6.28172,0.026035051064491315,real
bscan_orig6s__P1__seed42,external_BF-MOZ,snr_proxy_db,7,2790,105.519,61.4608,0.15776213785540127,real
bscan_orig6s__P1__seed42,external_BF-MOZ,trailing_silence_sec,7,2790,0.4472,0.440918,0.5326536391802925,real
bscan_orig6s__P1__seed42,external_BF-MOZ,leading_silence_sec,7,2790,0.01,0.01,0.39807005510786675,real
bscan_orig6s__P1__seed42,external_BF-MOZ,activity_ratio,7,2790,0.688073,0.6676,0.48327356430755486,real
bscan_orig6s__P1__seed42,external_BF-MOZ,clip_ratio,7,2790,0.0,0.0,,real
bscan_orig6s__P1__seed42,external_BF-MOZ,dc_offset,7,2790,-0.000362736,-0.000403301,0.33168037385580706,real
bscan_orig6s__P1__seed42,external_BF-MOZ,lufs,7,2790,-19.9392,-20.0897,0.09932867143588539,real
bscan_orig6s__P1__seed42,external_BF-MOZ,band_edge_hz,7,2790,11025.0,11025.0,,real
bscan_orig6s__P1__seed42,external_MEN,duration_sec,1356,894,3.42,3.4,0.9202318079714591,real
bscan_orig6s__P1__seed42,external_MEN,snr_proxy_db,1356,894,36.66945,37.413250000000005,1.830231426122304e-08,real
bscan_orig6s__P1__seed42,external_MEN,trailing_silence_sec,1356,894,0.005,0.005,0.028609678426165814,real
bscan_orig6s__P1__seed42,external_MEN,leading_silence_sec,1356,894,0.0,0.0,0.9870590093937881,real
bscan_orig6s__P1__seed42,external_MEN,activity_ratio,1356,894,0.8987535,0.8881295,0.0003625229369461929,real
bscan_orig6s__P1__seed42,external_MEN,clip_ratio,1356,894,1.17041e-05,1.17702e-05,0.8501523920038764,real
bscan_orig6s__P1__seed42,external_MEN,dc_offset,1356,894,-0.00260516,-0.00260491,0.29517775791971823,real
bscan_orig6s__P1__seed42,external_MEN,lufs,1356,894,-16.760350000000003,-16.39,6.059979519509019e-05,real
bscan_orig6s__P1__seed42,external_MEN,band_edge_hz,1356,894,12000.0,12000.0,,real
