model,train_corpus,status,test_BF-SUST,test_BF-MOZ,test_MEN
bscan_controlled,BF-SUST,real,0.9999334668742916,0.9943501658547875,0.6029911769547326
bscan_controlled,MEN,real,0.6658036707427786,0.9907707523430176,0.999437037037037
mel_only,BF-SUST,real,0.999705755953528,0.9955263242999134,0.7097603292181071
mel_only,MEN,real,0.6013593508565778,0.9102065405641087,0.9938148148148148
lfcc_only,BF-SUST,real,0.9999123275868591,0.9688971409728838,0.625311012345679
lfcc_only,MEN,real,0.7295814990039857,0.9919111198486453,0.9998864197530863
lcnn_lfcc,BF-SUST,real,0.9999930277437943,0.9664460368287916,0.5541553251028807
lcnn_lfcc,MEN,real,0.7639816436889213,0.9966972632330288,0.999995061728395
lfcc_gmm_controlled,BF-SUST,real,0.9999207833018321,0.9993672673195871,0.2862127407407407
lfcc_gmm_controlled,MEN,real,0.8895332277502177,0.9917584970566425,1.0
stats_hgb_controlled,BF-SUST,real,0.9281802722829229,0.953573782830038,0.4435342222222222
stats_hgb_controlled,MEN,real,0.5842822656102994,0.8864180287143036,0.989274074074074
