model,protocol,split,corpus,n_seeds_expected,status,auc_n,auc_mean,auc_sd,eer_n,eer_mean,eer_sd,accuracy_n,accuracy_mean,accuracy_sd,f1_macro_n,f1_macro_mean,f1_macro_sd,recall_spoof_sensitivity_n,recall_spoof_sensitivity_mean,recall_spoof_sensitivity_sd,specificity_bonafide_recall_n,specificity_bonafide_recall_mean,specificity_bonafide_recall_sd,ece_n,ece_mean,ece_sd,brier_n,brier_mean,brier_sd,auc_seed42_ci_low,auc_seed42_ci_high,eer_seed42_ci_low,eer_seed42_ci_high,accuracy_seed42_ci_low,accuracy_seed42_ci_high,f1_macro_seed42_ci_low,f1_macro_seed42_ci_high
bscan_controlled,P1,internal_test,BF-SUST,3,real,3,0.9999334668742916,4.3775169071019114e-05,3,0.0040026684456304275,0.002907871209833664,3,0.9958861463197688,0.002836858088097213,3,0.9958861450208744,0.0028368566961358226,3,0.9964420724927731,0.0034233498595376255,3,0.9953302201467645,0.002310941704561569,3,0.003277525261154105,0.001530518507361873,3,0.0031477174224652156,0.0016632019612602513,0.9997832857226718,0.9999553190588887,0.0033333333333332993,0.009352037408149633,0.9893262174783188,0.9956551527743543,0.9893261984773456,0.9956551406410789
bscan_controlled,P1,external_BF-MOZ,BF-MOZ,3,real,3,0.9943501658547875,0.005030666035276394,3,0.029674651412227377,0.021676805707864306,3,0.9561434870694793,0.029641428851385515,3,0.9559919669394361,0.029859254556392902,3,0.9982123703968537,0.002502681444404694,3,0.9140746037421046,0.05697614255755716,3,0.042274230413431646,0.0231149510141265,3,0.04011839171803513,0.022491959714977694,0.9870670494678078,0.9910365442748621,0.0486235252055774,0.06077940650697176,0.9159814086521273,0.9297461565963533,0.915453577705609,0.929435864893546
bscan_controlled,P1,external_MEN,MEN,3,real,3,0.6029911769547326,0.0705970819707266,3,0.43785185185185177,0.06951554878323081,3,0.5054814814814815,0.03941569113714651,3,0.4526846203547614,0.05360449583566727,3,0.19970370370370372,0.0721169603288865,3,0.8112592592592592,0.05494299327746955,3,0.44238282944810653,0.07063599251507556,3,0.4515267016358175,0.06636220778500286,0.4809957901234568,0.5988852271604939,0.45733333333333337,0.5506761904761904,0.4633333333333333,0.5251111111111111,0.42980596627373885,0.48960179024905875
bscan_controlled,P2,internal_test,MEN,3,real,3,0.999437037037037,0.0002988266440711624,3,0.009629629629629646,0.002566001196398312,3,0.9825925925925926,0.0023129622216290424,3,0.9825888976948436,0.0023140109786194277,3,0.997037037037037,0.0012830005981991767,3,0.9681481481481482,0.0033945005147821257,3,0.021068424599311585,0.0017716946003528556,3,0.017088021349722773,0.0005831488389665367,0.9991703703703705,1.0,0.0,0.015555555555555545,0.9588888888888889,1.0,0.9588266205063213,1.0
bscan_controlled,P2,external_BF-SUST,BF-SUST,3,real,3,0.6658036707427786,0.01891319192484043,3,0.3794046071273794,0.01682141261869028,3,0.5455212187885455,0.002184442181231656,3,0.44202066387956335,0.0037763367834143316,3,0.9761976197619763,0.0005000500050004741,3,0.11484481781511484,0.004041856069934368,3,0.4494875088962229,0.004119292150874663,3,0.44683225126465453,0.004644954752038678,0.6652352042592536,0.6769406832656553,0.37164644297719085,0.38342580078266814,0.544377448541909,0.5505157838142767,0.4400750344548005,0.4508570315056828
bscan_controlled,P2,external_BF-MOZ,BF-MOZ,3,real,3,0.9907707523430176,0.004555773311863235,3,0.03956620188296985,0.012515109610606673,3,0.9364795614348708,0.016386171325024193,3,0.9362751297983398,0.01652353396630134,3,0.9886783458467406,0.0014884991058034284,3,0.8842807770230007,0.03371439732360433,3,0.06713445732407497,0.017324531265765632,3,0.06042586432331045,0.015496647236266531,0.9939096859102191,0.9964894776555249,0.02323918484090093,0.03181980693600286,0.9499463711119056,0.9603146228101538,0.9498823082807588,0.9602845235171313
bscan_orig6s,P1,internal_test,BF-SUST,1,real,1,0.9999132176621194,,1,0.0026684456304202353,,1,0.9976651100733822,,1,0.9976651077353736,,1,0.9966644429619747,,1,0.9986657771847899,,1,0.003087395382407522,,1,0.002574858477450303,,0.9998077437437723,0.9999874897533848,0.0006680026720107257,0.005319237411701454,0.9959892377443528,0.9993319973279893,0.9959892305756753,0.9993319973279893
bscan_orig6s,P1,external_BF-MOZ,BF-MOZ,1,real,1,1.0,,1,0.0,,1,0.9987486592777977,,1,0.9987486573183781,,1,0.9974973185555953,,1,1.0,,1,0.0006923640436496932,,1,0.00041342888374933546,,0.9999999999999999,1.0,0.0,0.0,0.9976760815159099,0.9996424740793708,0.9976760689652946,0.99964247403367
bscan_orig6s,P1,external_MEN,MEN,1,real,1,0.6071345185185184,,1,0.4408888888888889,,1,0.5897777777777777,,1,0.5740009612286003,,1,0.3973333333333333,,1,0.7822222222222223,,1,0.37709956191090094,,1,0.38874142505745296,,0.5473639679012345,0.6636850913580246,0.39822222222222226,0.4795666666666666,0.5508833333333333,0.6242222222222222,0.5348546411324646,0.6090388231459871
dual_no_se,P1,internal_test,BF-SUST,3,real,3,0.9999793057501977,1.1435388909531784e-05,3,0.002223704692016885,0.00038515695076023134,3,0.9968868134311762,0.0007703139015205659,3,0.9968867981907586,0.0007703145871547992,3,0.9946631087391594,0.0006671114076050588,3,0.9991105181231932,0.001019029507439598,3,0.0024815573933575923,0.0006756215093422751,3,0.0020743959340080637,0.00030899178114260855,0.9999589394850904,0.9999982199087979,0.0006666666666667043,0.004700899087064354,0.9953333333333333,0.999,0.9953332317014905,0.998999998999999
dual_no_se,P1,external_BF-MOZ,BF-MOZ,3,real,3,0.9892159768879155,0.0005906148751889016,3,0.04647836968180193,0.00344785511655093,3,0.9469669884399953,0.002440185344946171,3,0.9468313757665113,0.002457168953812599,3,0.9973781432487189,0.0005461298647307689,3,0.8965558336312717,0.004527093293581834,3,0.05613760075800828,0.01311131023509713,3,0.05404668533929915,0.011917052201629712,0.985689623976555,0.991330352736326,0.0368251698248123,0.047908473364318915,0.9393993564533428,0.951197711834108,0.9391915074138978,0.9510879884848363
dual_no_se,P1,external_MEN,MEN,3,real,3,0.7085496954732511,0.007612631297218376,3,0.3489086419753087,0.004353270585657697,3,0.5742962962962963,0.021315192904585032,3,0.5388003294785962,0.040946160980543905,3,0.30592592592592593,0.08515413282659016,3,0.8426666666666667,0.04589413475530692,3,0.3858473526673564,0.03010390457895197,3,0.39164354279653596,0.025649390893165733,0.6479615283950618,0.7511446296296296,0.3164444444444444,0.3946666666666667,0.5639944444444444,0.6266666666666667,0.5439701097452218,0.6083489618521495
dual_no_tattn,P1,internal_test,BF-SUST,3,real,3,0.9999572763875048,3.961584900810622e-05,3,0.0024460751612185674,0.0010190295074395982,3,0.9979986657771848,0.0008825054406486459,3,0.9979986652576276,0.000882505875477272,3,0.9979986657771848,0.0006671114076050588,3,0.9979986657771848,0.0013342228152101177,3,0.003269816682213931,0.0018759327172727088,3,0.0023484069907809273,0.0012130469528352692,0.9997367514425436,0.9999977749599975,0.00066711140760507,0.004666666666666667,0.9956753160345975,0.999001996007984,0.9956753117271562,0.9990019958975369
dual_no_tattn,P1,external_BF-MOZ,BF-MOZ,3,real,3,0.9843906339031294,0.006656434674589397,3,0.04457156477177929,0.009393705827166515,3,0.9405315218686688,0.012124733134192468,3,0.9403122506724357,0.012259750031600238,3,0.998569896317483,0.0009459246732443679,3,0.8824931474198546,0.024535067062248183,3,0.06893920561789381,0.005460718160023464,3,0.06196418664646606,0.005624427078256046,0.9723761390626277,0.9809410291224484,0.0486235252055774,0.06292456203074723,0.936002860207365,0.9476269217018234,0.9357653574359309,0.9475034160756113
dual_no_tattn,P1,external_MEN,MEN,3,real,3,0.5377440658436214,0.11936514286160423,3,0.47505185185185184,0.09894520576994101,3,0.45133333333333336,0.06225554663176408,3,0.3895172762155099,0.0694280188045609,3,0.1348148148148148,0.06887646243956858,3,0.7678518518518519,0.07318683458930063,3,0.5071751133991453,0.06177594225622614,3,0.5141061753523027,0.062247032437191194,0.3400203209876543,0.47636715061728396,0.5288888888888889,0.6351111111111111,0.36066111111111115,0.4253388888888889,0.31378559631935937,0.3625291311675304
dual_plain,P1,internal_test,BF-SUST,3,real,3,0.999918706459558,9.721228790111961e-05,3,0.0024460751612185826,0.001019029507439603,3,0.9974427396041806,0.0005095147537197686,3,0.9974427383052871,0.0005095155797522338,3,0.9979986657771848,0.0006671114076050588,3,0.9968868134311762,0.0007703139015205658,3,0.0025368065514231983,0.0004182872208824731,3,0.002163052456939188,0.00043185623894787537,0.999511100383832,0.9999795296319769,0.00133422281521014,0.005984042553191489,0.9946773120425815,0.9986666666666667,0.9946772908366535,0.9986666660740738
dual_plain,P1,external_BF-MOZ,BF-MOZ,3,real,3,0.9782684658771951,0.018581899361514918,3,0.052794660946251924,0.030373575255884255,3,0.9367774997020617,0.0318866890657406,3,0.9364257001367792,0.03220882782683823,3,0.997974019783101,0.0016896015825000545,3,0.8755809796210224,0.06281782314319376,3,0.07123775976869669,0.0383062316740935,3,0.06672432858198182,0.035681819264274744,0.9520569596184889,0.9641048066081322,0.07722559885591705,0.0940293171254916,0.9025741866285306,0.9168752234537004,0.9017540577008515,0.9163458494730841
dual_plain,P1,external_MEN,MEN,3,real,3,0.5559018271604939,0.1641844160171211,3,0.46348148148148144,0.12771541151109586,3,0.44911111111111107,0.09166471378391153,3,0.4068494969753136,0.07502705112382169,3,0.1891851851851852,0.06560688511494504,3,0.709037037037037,0.17561424241762882,3,0.5060389424433028,0.07642561933766416,3,0.5112985147962124,0.07708457343738748,0.48975728641975314,0.6196171160493826,0.42177777777777775,0.5144977777777777,0.4408888888888889,0.5113388888888888,0.4197281310280229,0.4843112102971707
lcnn_lfcc,P1,internal_test,BF-SUST,3,real,3,0.9999930277437943,5.196342410179235e-06,3,0.001334222815210155,0.000667111407605048,3,0.9985545919501889,0.0006943515675337173,3,0.9985545914924838,0.0006943517874081753,3,0.9986657771847899,0.0,3,0.9984434067155883,0.0013887031350674523,3,0.001273174945213844,0.0003476158861878822,3,0.001067161372537474,0.00048226389827685104,0.9999769189033155,1.0,0.0,0.0033422459893047707,0.9966711051930759,0.9996664442961974,0.9966710992907801,0.9996664442590862
lcnn_lfcc,P1,external_BF-MOZ,BF-MOZ,3,real,3,0.9664460368287916,0.014198571393223095,3,0.06906209033488261,0.020174359074634933,3,0.9006673817185079,0.015873036923511965,3,0.8996720549704124,0.01634779691660572,3,0.9974973185555953,0.0012385061191053843,3,0.8038374448814206,0.03286970766478268,3,0.0982532595630294,0.0197665316623113,3,0.09402925866919111,0.018746474281979012,0.9463594990239939,0.9591184161128765,0.081515909903468,0.09797104040042899,0.8780836610654272,0.892920986771541,0.8762982668201926,0.891704644815416
lcnn_lfcc,P1,external_MEN,MEN,3,real,3,0.5541553251028807,0.13475257843526253,3,0.46274074074074073,0.09369673521153454,3,0.508,0.037019180880813914,3,0.4487456980389835,0.05754980986122439,3,0.19155555555555556,0.10401804211971954,3,0.8244444444444444,0.0781653833899241,3,0.47350056730345,0.03674194046384761,3,0.4781484336067081,0.03695426019184416,0.3490906839506173,0.4544954049382715,0.5315543209876543,0.6092095238095238,0.4366611111111111,0.4935611111111111,0.371247491667589,0.4228161868488954
lcnn_lfcc,P2,internal_test,MEN,1,real,1,0.999995061728395,,1,0.0022222222222222222,,1,0.9933333333333333,,1,0.9933330370238678,,1,1.0,,1,0.9866666666666667,,1,0.017657190086255357,,1,0.008846266257406346,,0.9999703703703705,1.0,0.0,0.0044444444444444444,0.9822222222222222,1.0,0.9822166017901954,1.0
lcnn_lfcc,P2,external_BF-SUST,BF-SUST,1,real,1,0.7639816436889213,,1,0.3000300030003,,1,0.5332033203320332,,1,0.41328449151143765,,1,0.9852985298529853,,1,0.0811081108110811,,1,0.46061922647728076,,1,0.4577780170344145,,0.7589435944748395,0.7692099090346862,0.2946557984118519,0.30558678267716427,0.5307969203079692,0.5358,0.4083012092971981,0.41819087077858025
lcnn_lfcc,P2,external_BF-MOZ,BF-MOZ,1,real,1,0.9966972632330288,,1,0.01966392563460851,,1,0.9390418305327136,,1,0.9388503884308915,,1,0.9949946371111905,,1,0.8830890239542367,,1,0.08074643768917346,,1,0.06084929157716025,,0.9954991711201886,0.9977703682721502,0.016088666428316054,0.02359671076153025,0.9331426528423311,0.9449410082230961,0.9328799022249872,0.9448027681790914
lfcc_gmm_controlled,P1,internal_test,BF-SUST,1,real,1,0.9999207833018321,,1,0.00333555703802535,,1,0.9969979986657772,,1,0.9969979903157318,,1,0.9986657771847899,,1,0.9953302201467645,,1,0.08466257297004755,,1,0.014396235281898498,,0.9997896743968961,0.999991968171748,0.0013333333333333333,0.005351170568561826,0.9949866310160428,0.9986702127659575,0.9949866031267004,0.998670210458536
lfcc_gmm_controlled,P1,external_BF-MOZ,BF-MOZ,1,real,1,0.9993672673195871,,1,0.00750804433321417,,1,0.9946371111905613,,1,0.994636956946352,,1,0.9892742223811226,,1,1.0,,1,0.039180956590144464,,1,0.009128889500874312,,0.9990098244850676,0.9996695761291817,0.0046478369681801635,0.010368251698248176,0.9926707186271004,0.9964247407937076,0.9926703248889343,0.9964246950924498
lfcc_gmm_controlled,P1,external_MEN,MEN,1,real,1,0.2862127407407407,,1,0.6817777777777778,,1,0.4951111111111111,,1,0.33115338882282996,,1,0.0,,1,0.9902222222222222,,1,0.49168685879301766,,1,0.49015978950938777,,0.2163410567901235,0.36016900740740737,0.6177444444444444,0.7426666666666666,0.49044444444444446,0.49844444444444447,0.3290591918890711,0.3326412576004746
lfcc_gmm_controlled,P2,internal_test,MEN,1,real,1,1.0,,1,0.0,,1,0.9966666666666667,,1,0.9966666296292181,,1,0.9933333333333333,,1,1.0,,1,0.01141147391839715,,1,0.00702291477658171,,0.9999999999999999,1.0,0.0,0.0,0.9933333333333333,1.0,0.9933330370238678,1.0
lfcc_gmm_controlled,P2,external_BF-SUST,BF-SUST,1,real,1,0.8895332277502177,,1,0.1894189418941894,,1,0.5816081608160816,,1,0.4969203766568888,,1,0.1713171317131713,,1,0.991899189918992,,1,0.28138889832612557,,1,0.24267094751381382,,0.8856917968319975,0.8933937752735738,0.1846338295534019,0.1944367303363104,0.5779498383059671,0.585324432554199,0.49069012517034116,0.503282465133239
lfcc_gmm_controlled,P2,external_BF-MOZ,BF-MOZ,1,real,1,0.9917584970566425,,1,0.032892384697890596,,1,0.5736503396496246,,1,0.47912807715205197,,1,0.14765820521987844,,1,0.9996424740793708,,1,0.05660371109168247,,1,0.037386550711081934,,0.9895657587570522,0.9937637068113608,0.02860207365033965,0.038264211655344965,0.5670316410439757,0.5802690382552735,0.46714908770101665,0.49081210918512946
lfcc_only,P1,internal_test,BF-SUST,3,real,3,0.9999123275868591,7.714570392308331e-05,3,0.00266844563042028,0.0017650108812972414,3,0.9972203691349789,0.0013887031350674347,3,0.9972203688257189,0.0013887032895738179,3,0.9975539248387814,0.001388703135067497,3,0.9968868134311765,0.0013887031350674523,3,0.00246979118090163,0.0007556022293963094,3,0.0023988033468681836,0.0008880476861616611,0.9999096818739084,0.9999928608348588,0.0006666666666667043,0.004669779853235467,0.9956695536309127,0.9993319973279893,0.9956695300853144,0.99933199703736
lfcc_only,P1,external_BF-MOZ,BF-MOZ,3,real,3,0.9688971409728838,0.018532469827374835,3,0.06852580145393873,0.02178366833614096,3,0.9240853295197234,0.02326209187932684,3,0.92358470546377,0.023681068423587224,3,0.9978548444762244,0.0006192530595526923,3,0.8503158145632225,0.047047386395537585,3,0.06913500755778862,0.02436701417319508,3,0.06801643074247844,0.02362746802281138,0.9815874406525507,0.9880276718926979,0.039506614229531625,0.05076868072935288,0.9410082230961745,0.9522702895959957,0.9408287285819993,0.9521740411248297
lfcc_only,P1,external_MEN,MEN,3,real,3,0.625311012345679,0.024976414604220877,3,0.40275555555555553,0.03522154222967864,3,0.4978518518518518,0.028331662986348274,3,0.4307127181705857,0.035427435697099274,3,0.15525925925925924,0.03832630101893788,3,0.8404444444444444,0.03230716772513111,3,0.4893259158962578,0.044030351239502406,3,0.49319001555376824,0.03984843154900742,0.595903187654321,0.7045256024691358,0.3328777777777778,0.4120698412698412,0.4464444444444444,0.49577777777777776,0.370150999671479,0.41597253294064984
lfcc_only,P2,internal_test,MEN,1,real,1,0.9998864197530863,,1,0.006666666666666667,,1,0.9888888888888889,,1,0.9888880109045652,,1,0.9977777777777778,,1,0.98,,1,0.010672439586722041,,1,0.007264601676665703,,0.9996049382716049,1.0,0.0,0.008888888888888889,0.9766666666666667,0.9977777777777778,0.9766562051826951,0.9977777668037867
lfcc_only,P2,external_BF-SUST,BF-SUST,1,real,1,0.7295814990039857,,1,0.3278661199453279,,1,0.5375037503750375,,1,0.4248348301898798,,1,0.98009800980098,,1,0.09490949094909491,,1,0.44972157057798323,,1,0.4469439197565408,,0.723884021333332,0.735128601394392,0.3217963307823516,0.3333851088074324,0.534632683658171,0.5403086459859607,0.4195534484982402,0.4298340433396554
lfcc_only,P2,external_BF-MOZ,BF-MOZ,1,real,1,0.9919111198486453,,1,0.03718269574544153,,1,0.9036467643904184,,1,0.9028801519766247,,1,0.9924919556667858,,1,0.8148015731140508,,1,0.08697755092180971,,1,0.075414297783874,,0.9900078727284417,0.993771957901163,0.03217733285663216,0.04218805863425101,0.8961387200572042,0.9111548087236324,0.8951650757473125,0.9105479590291163
mel_mfcc,P1,internal_test,BF-SUST,3,real,3,0.9998399347990202,0.00018110138207213855,3,0.004225038914832103,0.002525643026818013,3,0.995663775850567,0.002310941704561569,3,0.9956637748733046,0.0023109411046279144,3,0.9953302201467645,0.0017650108812972709,3,0.9959973315543696,0.002907871209833635,3,0.004138807770194343,0.0022453098738731293,3,0.0038029140379420997,0.0023270031014833237,0.9991967549140943,0.9999256066355794,0.0033377837116155265,0.009339559706470935,0.991655401367934,0.9969880524772888,0.9916553279257021,0.9969880493068937
mel_mfcc,P1,external_BF-MOZ,BF-MOZ,3,real,3,0.9994657989238602,0.0002825333245238054,3,0.008342271481349056,0.001612173669225216,3,0.9777142176141104,0.01246778205272382,3,0.9776991004963512,0.01248954637092231,3,0.9969014420212132,0.0005461298647307689,3,0.9585269932070076,0.024932146402018057,3,0.019747370184080983,0.014253185178583556,3,0.017162493324045017,0.010414183050515021,0.9992997710402469,0.9998288522011874,0.0046478369681801635,0.00893814801573114,0.9837325706113693,0.9898105112620665,0.9837306360374847,0.9898099651725842
mel_mfcc,P1,external_MEN,MEN,3,real,3,0.21046189300411525,0.037103343216910625,3,0.7408888888888888,0.031184041502737327,3,0.2265925925925926,0.009413238204674441,3,0.21052159718504695,0.01202670469849567,3,0.0845925925925926,0.022563308282661836,3,0.3685925925925926,0.01202740355247099,3,0.7421231507093995,0.007970334675969637,3,0.7440476445159055,0.008542345726817347,0.12593196543209878,0.25000009135802465,0.6937711111111111,0.8231222222222222,0.1706611111111111,0.2624444444444444,0.1608037668077331,0.2330906524327989
mel_only,P1,internal_test,BF-SUST,3,real,3,0.999705755953528,0.0002022663389442243,3,0.006671114076050685,0.0037143191213009053,3,0.9931065154547477,0.003026608314168582,3,0.9931065077356026,0.003026607565700817,3,0.9942183678007561,0.0034233498595376112,3,0.9919946631087392,0.002668445630420291,3,0.0063966774814301535,0.0018575397506925377,3,0.006009080877056386,0.002383491649668075,0.9990655999056857,0.99979472050053,0.004663557628247883,0.011303379499865467,0.9896321040505177,0.9956580550955048,0.989631912868907,0.9956580545144643
mel_only,P1,external_BF-MOZ,BF-MOZ,3,real,3,0.9955263242999134,0.0025948540983345477,3,0.02288165892027172,0.00854329863807549,3,0.8442378739125255,0.1056521359009252,3,0.836707260098895,0.11508518856112496,3,0.9970206173280896,0.00020641768651754268,3,0.6914551304969611,0.21130598576981321,3,0.11792758708381142,0.04902644915408423,3,0.1025317772834804,0.04737245793689,0.9975565094196001,0.9990978126750799,0.010368251698248176,0.016803718269574545,0.9438684304612084,0.9547729710404004,0.9437211150510503,0.9546889062338945
mel_only,P1,external_MEN,MEN,3,real,3,0.7097603292181071,0.1606196086044304,3,0.36140740740740734,0.1405306228801331,3,0.5565925925925926,0.08147175026065771,3,0.5071708083099263,0.10296782642659764,3,0.8598518518518518,0.07810892468358746,3,0.25333333333333335,0.1411466272015395,3,0.4100682199233125,0.07509659027542999,3,0.4166425843836792,0.07953024670953326,0.7741516592592592,0.8695201654320988,0.2103088888888889,0.32134444444444443,0.5693277777777778,0.6724444444444444,0.5404816849060305,0.6606566419581096
mel_only,P2,internal_test,MEN,1,real,1,0.9938148148148148,,1,0.0444444444444444,,1,0.96,,1,0.9599665894005367,,1,0.9888888888888889,,1,0.9311111111111111,,1,0.02742157662339096,,1,0.03150985680678324,,0.9858749382716049,1.0,0.0,0.07333333333333336,0.9122222222222223,0.9933333333333333,0.9116725199668554,0.99333330041136
mel_only,P2,external_BF-SUST,BF-SUST,1,real,1,0.6013593508565778,,1,0.433023302330233,,1,0.5421542154215422,,1,0.4379727247332056,,1,0.9726972697269727,,1,0.1116111611161116,,1,0.42869560516036825,,1,0.43048650022310103,,0.5950348908129358,0.6079678469921505,0.42725601307379085,0.4393076308184775,0.5391115379418306,0.5451910676423274,0.4324200590276864,0.44325105194710057
mel_only,P2,external_BF-MOZ,BF-MOZ,1,real,1,0.9102065405641087,,1,0.15498748659277795,,1,0.8273149803360743,,1,0.8227681057605079,,1,0.9874865927779765,,1,0.6671433678941723,,1,0.1569160734202405,,1,0.14454116674195752,,0.9020433271052837,0.9183250249354198,0.1443319372797385,0.16481944941008222,0.8183768323203432,0.8360743653914909,0.8130493558160666,0.8323020610570855
mfcc_only,P1,internal_test,BF-SUST,3,real,3,0.9980358264193029,0.002009755409134721,3,0.018456748943740237,0.009442238712724978,3,0.9825439181676674,0.008864887376151922,3,0.9825432149516415,0.008865943405334809,3,0.9779853235490328,0.012137028284629895,3,0.987102512786302,0.005673716176194341,3,0.012955468542594273,0.0034203766406011383,3,0.015928052466364074,0.008220662105726938,0.998670216168617,0.9995918074110595,0.008684034736138989,0.017368359714080565,0.9830223537171402,0.9913217623497997,0.9830223507046196,0.9913217471706186
mfcc_only,P1,external_BF-MOZ,BF-MOZ,3,real,3,0.9995436868255299,0.00044798076352796655,3,0.007627219640090578,0.00366936105788122,3,0.9920152544392802,0.004306419131248856,3,0.9920148651190934,0.004306791622223806,3,0.9898700989155046,0.008904716407209006,3,0.9941604099630558,0.007330008015579436,3,0.007468821916672678,0.00524203337677744,3,0.006865499515574563,0.0035166319455965495,0.999345404488107,0.9998035333071122,0.006077940650697222,0.011083303539506595,0.9873078298176617,0.9924919556667858,0.9873074874875291,0.9924918596941446
mfcc_only,P1,external_MEN,MEN,3,real,3,0.39436803292181066,0.1787272001996177,3,0.607111111111111,0.1304646965160961,3,0.4105185185185185,0.1384682222015968,3,0.3828863078875891,0.13680820253253928,3,0.19659259259259257,0.11187412091293121,3,0.6244444444444445,0.1672263196249581,3,0.5516330202104573,0.15187580677547152,3,0.5581439366695135,0.14610754451263186,0.136250412345679,0.24453563703703704,0.70755,0.8048925925925926,0.20333333333333334,0.298,0.1874088702478582,0.2614471033526475
ssl_xlsr_probe,P1,internal_test,BF-SUST,1,real,1,0.9998522475067879,,1,0.0020013342228152103,,1,0.9979986657771848,,1,0.9979986648865153,,1,0.9973315543695798,,1,0.9986657771847899,,1,0.0014221792250014348,,1,0.0014626778472188555,,0.9995436394052774,0.9999995531905889,0.0006653359946773121,0.0033422459893047707,0.9963308872581721,0.9993351063829787,0.996330877052561,0.9993351060890401
ssl_xlsr_probe,P1,external_BF-MOZ,BF-MOZ,1,real,1,0.7994108300059476,,1,0.24740793707543796,,1,0.667322130854487,,1,0.6262205714378861,,1,0.9989274222381123,,1,0.3357168394708616,,1,0.34834129123661894,,1,0.3296958123247709,,0.7874680102500138,0.8114563665626217,0.2359671076153021,0.25849124061494455,0.6590990346800143,0.6760815159099035,0.6145906820812214,0.6383927132980942
ssl_xlsr_probe,P1,external_MEN,MEN,1,real,1,0.8401096296296297,,1,0.24,,1,0.6862222222222222,,1,0.6528093482913455,,1,0.9964444444444445,,1,0.376,,1,0.322528581478219,,1,0.3096958999916631,,0.802685738271605,0.8747477925925927,0.20577777777777778,0.27423333333333333,0.6462166666666667,0.7233388888888889,0.5968461336125808,0.7010385427633473
stats_hgb_controlled,P1,internal_test,BF-SUST,1,real,1,0.9281802722829229,,1,0.15276851234156108,,1,0.8482321547698466,,1,0.8482320027992896,,1,0.8472314876584389,,1,0.8492328218812542,,1,0.022792607349058736,,1,0.10619808222516862,,0.9193486733542893,0.9367873556798595,0.13924050632911392,0.16510695187165775,0.8356639259506338,0.8607047872340425,0.8356421141216903,0.8606881986449713
stats_hgb_controlled,P1,external_BF-MOZ,BF-MOZ,1,real,1,0.953573782830038,,1,0.10010725777618878,,1,0.8945298534143725,,1,0.8945025459060929,,1,0.8784411869860564,,1,0.9106185198426886,,1,0.0579462426463216,,1,0.08104369449363394,,0.9482179243837151,0.9592023139098035,0.09224168752234536,0.10833035395066143,0.8863067572398999,0.9025741866285306,0.8862746106506842,0.9025506159177097
stats_hgb_controlled,P1,external_MEN,MEN,1,real,1,0.4435342222222222,,1,0.5457777777777778,,1,0.4955555555555556,,1,0.3352162906175362,,1,0.0044444444444444444,,1,0.9866666666666667,,1,0.40246105019187667,,1,0.4232627220026743,,0.40126072345679015,0.48692571111111105,0.5124444444444445,0.5817888888888888,0.4895555555555556,0.5,0.3312162854944371,0.3390906491278239
stats_hgb_controlled,P2,internal_test,MEN,1,real,1,0.989274074074074,,1,0.05555555555555558,,1,0.9433333333333334,,1,0.9433315843081577,,1,0.9488888888888889,,1,0.9377777777777778,,1,0.06347229955706996,,1,0.0632932552786054,,0.9785974074074073,0.9999703703703704,0.0022222222222222365,0.07777777777777772,0.9133333333333333,0.97,0.9131785553505261,0.9699734947720207
stats_hgb_controlled,P2,external_BF-SUST,BF-SUST,1,real,1,0.5842822656102994,,1,0.4254425442544254,,1,0.489048904890489,,1,0.36121746047179953,,1,0.041704170417041705,,1,0.9363936393639364,,1,0.4766909208228234,,1,0.48365231169389156,,0.5777572508238414,0.5908966053458218,0.4194082525052801,0.4311855318214654,0.48654317062955016,0.4919000404919016,0.35741388174264604,0.36525344297873613
stats_hgb_controlled,P2,external_BF-MOZ,BF-MOZ,1,real,1,0.8864180287143036,,1,0.17661780479084735,,1,0.5337861994994637,,1,0.40806999640358294,,1,0.07293528780836611,,1,0.9946371111905613,,1,0.40129021040651297,,1,0.403015387279292,,0.8777738713103536,0.8956340534299928,0.16660707901322847,0.18735252055774038,0.5287808366106542,0.5386127994279585,0.39878233374435046,0.41747186415617377
stats_hgb_orig6s,P1,internal_test,BF-SUST,1,real,1,0.999605696659681,,1,0.010006671114076049,,1,0.9906604402935291,,1,0.9906604361370717,,1,0.989993328885924,,1,0.9913275517011341,,1,0.004530133275735334,,1,0.007166300430601332,,0.9993275111111112,0.9998098678985693,0.006008010680907876,0.014018691588784993,0.9869913275517012,0.9936753101361305,0.9869912566317922,0.9936753073409638
stats_hgb_orig6s,P1,external_BF-MOZ,BF-MOZ,1,real,1,0.998679442157304,,1,0.012155881301394333,,1,0.982481229889167,,1,0.9824802422876404,,1,0.9899892742223811,,1,0.9749731855559528,,1,0.0074727312153244465,,1,0.009512765760513882,,0.9978547837594522,0.999309701428148,0.008938148015731118,0.01608866642831608,0.9790802645691813,0.9856989631748302,0.9790774752595411,0.9856985518569386
stats_hgb_orig6s,P1,external_MEN,MEN,1,real,1,0.9475361975308642,,1,0.10311111111111115,,1,0.916,,1,0.9159114848993637,,1,0.8835555555555555,,1,0.9484444444444444,,1,0.07354282989084858,,1,0.07723345324047569,,0.9210915753086419,0.9670631580246912,0.0755555555555556,0.13288888888888883,0.8842222222222222,0.9408944444444444,0.8839806457656335,0.9408698517308416
stats_hgb_orig6s,P2,internal_test,MEN,1,real,1,0.997748148148148,,1,0.02666666666666667,,1,0.9711111111111111,,1,0.9710968379446641,,1,0.9488888888888889,,1,0.9933333333333333,,1,0.022344036762920055,,1,0.02144456136285731,,0.9952339506172839,0.9996691358024691,0.008888888888888835,0.04222222222222227,0.96,0.9822222222222222,0.9599801333371756,0.9822166017901954
stats_hgb_orig6s,P2,external_BF-SUST,BF-SUST,1,real,1,0.9694932789608594,,1,0.08270827082708265,,1,0.834033403340334,,1,0.829390444271384,,1,0.669066906690669,,1,0.998999899989999,,1,0.13890841025625733,,1,0.12698464564618078,,0.9669913962385801,0.9717958758829984,0.07848515708449884,0.08752625787736323,0.829530902268797,0.8387292192664362,0.824484046282894,0.8344529809378255
stats_hgb_orig6s,P2,external_BF-MOZ,BF-MOZ,1,real,1,0.9920670660850299,,1,0.027887021809081203,,1,0.8562745799070433,,1,0.8532430215339997,,1,0.7125491598140865,,1,1.0,,1,0.11956329406434679,,1,0.1070700577493786,,0.9896934525205706,0.9941706849452698,0.02216660707901319,0.033249910618519896,0.8480514837325707,0.8645021451555238,0.8444603291242857,0.8619679216001817
