bin,lo,hi,n,mean_pred,frac_spoof
0,0.0,0.06666666666666667,370,0.03289398244659849,0.02972972972972973
1,0.06666666666666667,0.13333333333333333,384,0.09976382852376749,0.015625
2,0.13333333333333333,0.2,392,0.16689249534844136,0.03826530612244898
3,0.2,0.26666666666666666,422,0.23297808820743696,0.02843601895734597
4,0.26666666666666666,0.3333333333333333,480,0.30040247986714047,0.03125
5,0.3333333333333333,0.4,476,0.36642990630714833,0.03571428571428571
6,0.4,0.4666666666666667,576,0.43379624829524094,0.04861111111111111
7,0.4666666666666667,0.5333333333333333,657,0.4987642015224178,0.0669710806697108
8,0.5333333333333333,0.6,605,0.5680141655866765,0.08760330578512397
9,0.6,0.6666666666666666,719,0.6354250550601678,0.12934631432545202
10,0.6666666666666666,0.7333333333333333,850,0.7010680245651918,0.1588235294117647
11,0.7333333333333333,0.8,1093,0.7684531492698334,0.22689844464775846
12,0.8,0.8666666666666667,1461,0.8352703623050374,0.33880903490759756
13,0.8666666666666667,0.9333333333333333,2572,0.9039795857334211,0.5198289269051322
14,0.9333333333333333,1.0,8941,0.9768612187536168,0.8377139022480707
