epoch,train_loss,val_loss,val_eer_file,val_eer_window,lr,nonfinite_batches,epoch_sec
1,0.5409160250357303,0.4068015217781067,0.11941294196130754,0.14040492957746475,0.0001,0,23.875410931999795
2,0.1887603315732839,0.2056204378604889,0.04936624416277513,0.04929577464788737,0.0001,0,22.84322024500034
3,0.12951804369161032,0.9331789016723633,0.058705803869246176,0.06257058956403885,0.0001,0,22.017974369000513
4,0.10952217222072035,0.6813381910324097,0.05670446964643095,0.057076566125290024,0.0001,0,22.26443913500043
5,0.1088388294049126,3.1149399280548096,0.11807871914609736,0.12401174610345607,5e-05,0,23.054440494001028
6,0.06469215324578313,0.07188646495342255,0.014009339559706471,0.01276408450704225,5e-05,0,22.669743839998773
7,0.06827640157089869,0.1046965941786766,0.012675116744496331,0.01232394366197187,5e-05,0,22.459438636000414
8,0.05841316598118608,0.8766596913337708,0.05136757838559036,0.04686774941995359,5e-05,0,22.31001712300167
9,0.05864414967668654,2.2002205848693848,0.06871247498332221,0.06392590919358485,2.5e-05,0,22.11626891100059
10,0.0423595866681586,0.04071251302957535,0.008005336891260841,0.006602112676056371,2.5e-05,0,22.88576865700088
11,0.04071333478552167,0.024541934952139854,0.00600400266844563,0.004401408450704247,2.5e-05,0,22.468131693998657
12,0.03776600187089165,0.039371609687805176,0.01000667111407605,0.008362676056338003,2.5e-05,0,22.429679615001078
13,0.037494130656236795,0.06087644025683403,0.008005336891260817,0.010672853828306265,2.5e-05,0,22.590581087999453
14,0.03336951034671502,0.02042897418141365,0.004002668445630421,0.0035211267605633756,2.5e-05,0,22.38749394000115
15,0.03334904419571185,0.038377441465854645,0.008005336891260841,0.0061619718309858795,2.5e-05,0,22.264794257000176
