split,condition,n,auc,eer,accuracy,sensitivity,specificity,mean_score_shift_bonafide,mean_score_shift_spoof,decision_flip_rate,share_input_changed,decision_flip_rate_changed,share_clipped_bonafide,share_clipped_spoof
external_BF-MOZ,add_dc_neg,600,0.9632444444444443,0.06999999999999995,0.8916666666666667,1.0,0.7833333333333333,-0.01051151971022288,-0.0035005982716878256,0.0,1.0,0.0,,
external_BF-MOZ,append_silence_0.44,600,0.9626444444444444,0.07,0.8916666666666667,1.0,0.7833333333333333,0.019069032669067384,0.0,0.0,0.02666666666666667,0.0,,
external_BF-MOZ,clean,600,0.9626222222222223,0.07,0.8916666666666667,1.0,0.7833333333333333,0.0,0.0,0.0,0.0,,,
external_BF-MOZ,dither_-60dBFS,600,0.9712222222222222,0.06333333333333334,0.7983333333333333,1.0,0.5966666666666667,8.300999505122503,8.782710394859315,0.09333333333333334,1.0,0.09333333333333334,,
external_BF-MOZ,remove_dc,600,0.9626666666666668,0.07,0.8916666666666667,1.0,0.7833333333333333,-0.00012154718240102132,0.011034773190816244,0.0,1.0,0.0,,
external_BF-MOZ,trim_trailing,600,0.9626222222222223,0.07,0.8916666666666667,1.0,0.7833333333333333,0.0,0.0,0.0,0.0,,,
external_MEN,add_dc_neg,600,0.42167777777777776,0.5433333333333333,0.44666666666666666,0.12666666666666668,0.7666666666666667,-0.0027063013489047687,0.3656168295567234,0.005,1.0,0.005,,
external_MEN,append_silence_0.44,600,0.4114777777777777,0.5566666666666666,0.4533333333333333,0.12666666666666668,0.78,0.04952243037521839,-0.024149889138837654,0.015,0.755,0.019867549668874173,,
external_MEN,clean,600,0.4142444444444444,0.55,0.45166666666666666,0.13666666666666666,0.7666666666666667,0.0,0.0,0.0,0.0,,,
external_MEN,dither_-60dBFS,600,0.4262444444444444,0.5466666666666666,0.45,0.2833333333333333,0.6166666666666667,8.215438096982737,8.561553086650868,0.14833333333333334,1.0,0.14833333333333334,,
external_MEN,remove_dc,600,0.4139111111111112,0.5533333333333333,0.4583333333333333,0.15,0.7666666666666667,-0.015048540271818638,0.04311377193778753,0.01,1.0,0.01,,
external_MEN,trim_trailing,600,0.4142444444444444,0.55,0.45166666666666666,0.13666666666666666,0.7666666666666667,0.0,0.0,0.0,0.0,,,
internal_test,add_dc_neg,600,0.9999888888888889,0.0033333333333332993,0.9983333333333333,1.0,0.9966666666666667,0.0002048794428507487,0.0005569219589233399,0.0,1.0,0.0,,
internal_test,append_silence_0.44,600,0.9999888888888889,0.0033333333333332993,0.9983333333333333,1.0,0.9966666666666667,-0.0042367951075236,0.0,0.0,0.043333333333333335,0.0,,
internal_test,clean,600,0.9999888888888889,0.0033333333333332993,0.9983333333333333,1.0,0.9966666666666667,0.0,0.0,0.0,0.0,,,
internal_test,dither_-60dBFS,600,0.9999444444444444,0.0033333333333332993,0.94,1.0,0.88,14.762575543249646,9.004035054047902,0.058333333333333334,1.0,0.058333333333333334,,
internal_test,remove_dc,600,0.9999888888888889,0.0033333333333332993,0.9983333333333333,1.0,0.9966666666666667,0.004559853076934814,0.03418768882751465,0.0,1.0,0.0,,
internal_test,trim_trailing,600,0.9999888888888889,0.0033333333333332993,0.9983333333333333,1.0,0.9966666666666667,0.0,0.0,0.0,0.0,,,
