set_id,speaker_id,gender,label_name,files
S1,MEN-S1F03,female,bonafide,30
S1,MEN-S1F03,female,spoof,30
S1,MEN-S1F04,female,bonafide,30
S1,MEN-S1F04,female,spoof,30
S1,MEN-S1F05,female,bonafide,30
S1,MEN-S1F05,female,spoof,30
S1,MEN-S1M01,male,bonafide,30
S1,MEN-S1M01,male,spoof,30
S1,MEN-S1M02,male,bonafide,30
S1,MEN-S1M02,male,spoof,30
S10,MEN-S10F03,female,bonafide,30
S10,MEN-S10F03,female,spoof,30
S10,MEN-S10F04,female,bonafide,30
S10,MEN-S10F04,female,spoof,30
S10,MEN-S10F05,female,bonafide,30
S10,MEN-S10F05,female,spoof,30
S10,MEN-S10M01,male,bonafide,30
S10,MEN-S10M01,male,spoof,30
S10,MEN-S10M02,male,bonafide,30
S10,MEN-S10M02,male,spoof,30
S11,MEN-S11F02,female,bonafide,30
S11,MEN-S11F02,female,spoof,30
S11,MEN-S11F04,female,bonafide,30
S11,MEN-S11F04,female,spoof,30
S11,MEN-S11M01,male,bonafide,30
S11,MEN-S11M01,male,spoof,30
S11,MEN-S11M03,male,bonafide,30
S11,MEN-S11M03,male,spoof,30
S11,MEN-S11M05,male,bonafide,30
S11,MEN-S11M05,male,spoof,30
S12,MEN-S12F01,female,bonafide,30
S12,MEN-S12F01,female,spoof,30
S12,MEN-S12F02,female,bonafide,30
S12,MEN-S12F02,female,spoof,30
S12,MEN-S12F04,female,bonafide,30
S12,MEN-S12F04,female,spoof,30
S12,MEN-S12M03,male,bonafide,30
S12,MEN-S12M03,male,spoof,30
S12,MEN-S12M05,male,bonafide,30
S12,MEN-S12M05,male,spoof,30
S13,MEN-S13F02,female,bonafide,30
S13,MEN-S13F02,female,spoof,30
S13,MEN-S13F03,female,bonafide,30
S13,MEN-S13F03,female,spoof,30
S13,MEN-S13F05,female,bonafide,30
S13,MEN-S13F05,female,spoof,30
S13,MEN-S13M01,male,bonafide,30
S13,MEN-S13M01,male,spoof,30
S13,MEN-S13M04,male,bonafide,30
S13,MEN-S13M04,male,spoof,30
S14,MEN-S14F02,female,bonafide,30
S14,MEN-S14F02,female,spoof,30
S14,MEN-S14M01,male,bonafide,30
S14,MEN-S14M01,male,spoof,30
S14,MEN-S14M03,male,bonafide,30
S14,MEN-S14M03,male,spoof,30
S14,MEN-S14M04,male,bonafide,30
S14,MEN-S14M04,male,spoof,30
S14,MEN-S14M05,male,bonafide,30
S14,MEN-S14M05,male,spoof,30
S15,MEN-S15F01,female,bonafide,30
S15,MEN-S15F01,female,spoof,30
S15,MEN-S15M02,male,bonafide,30
S15,MEN-S15M02,male,spoof,30
S15,MEN-S15M03,male,bonafide,30
S15,MEN-S15M03,male,spoof,30
S15,MEN-S15M04,male,bonafide,30
S15,MEN-S15M04,male,spoof,30
S15,MEN-S15M05,male,bonafide,30
S15,MEN-S15M05,male,spoof,30
S2,MEN-S2F01,female,bonafide,30
S2,MEN-S2F01,female,spoof,30
S2,MEN-S2M02,male,bonafide,30
S2,MEN-S2M02,male,spoof,30
S2,MEN-S2M03,male,bonafide,30
S2,MEN-S2M03,male,spoof,30
S2,MEN-S2M04,male,bonafide,30
S2,MEN-S2M04,male,spoof,30
S2,MEN-S2M05,male,bonafide,30
S2,MEN-S2M05,male,spoof,30
S3,MEN-S3F01,female,bonafide,30
S3,MEN-S3F01,female,spoof,30
S3,MEN-S3F02,female,bonafide,30
S3,MEN-S3F02,female,spoof,30
S3,MEN-S3M03,male,bonafide,30
S3,MEN-S3M03,male,spoof,30
S3,MEN-S3M04,male,bonafide,30
S3,MEN-S3M04,male,spoof,30
S3,MEN-S3M05,male,bonafide,30
S3,MEN-S3M05,male,spoof,30
S4,MEN-S4F02,female,bonafide,30
S4,MEN-S4F02,female,spoof,30
S4,MEN-S4F03,female,bonafide,30
S4,MEN-S4F03,female,spoof,30
S4,MEN-S4F04,female,bonafide,30
S4,MEN-S4F04,female,spoof,30
S4,MEN-S4F05,female,bonafide,30
S4,MEN-S4F05,female,spoof,30
S4,MEN-S4M01,male,bonafide,30
S4,MEN-S4M01,male,spoof,30
S5,MEN-S5F01,female,bonafide,30
S5,MEN-S5F01,female,spoof,30
S5,MEN-S5F03,female,bonafide,30
S5,MEN-S5F03,female,spoof,30
S5,MEN-S5F05,female,bonafide,30
S5,MEN-S5F05,female,spoof,30
S5,MEN-S5M02,male,bonafide,30
S5,MEN-S5M02,male,spoof,30
S5,MEN-S5M04,male,bonafide,30
S5,MEN-S5M04,male,spoof,30
S6,MEN-S6F03,female,bonafide,30
S6,MEN-S6F03,female,spoof,30
S6,MEN-S6F04,female,bonafide,30
S6,MEN-S6F04,female,spoof,30
S6,MEN-S6M01,male,bonafide,30
S6,MEN-S6M01,male,spoof,30
S6,MEN-S6M02,male,bonafide,30
S6,MEN-S6M02,male,spoof,30
S6,MEN-S6M05,male,bonafide,30
S6,MEN-S6M05,male,spoof,30
S7,MEN-S7F04,female,bonafide,30
S7,MEN-S7F04,female,spoof,30
S7,MEN-S7F05,female,bonafide,30
S7,MEN-S7F05,female,spoof,30
S7,MEN-S7M01,male,bonafide,30
S7,MEN-S7M01,male,spoof,30
S7,MEN-S7M02,male,bonafide,30
S7,MEN-S7M02,male,spoof,30
S7,MEN-S7M03,male,bonafide,30
S7,MEN-S7M03,male,spoof,30
S8,MEN-S8F01,female,bonafide,30
S8,MEN-S8F01,female,spoof,30
S8,MEN-S8F02,female,bonafide,30
S8,MEN-S8F02,female,spoof,30
S8,MEN-S8F03,female,bonafide,30
S8,MEN-S8F03,female,spoof,30
S8,MEN-S8F04,female,bonafide,30
S8,MEN-S8F04,female,spoof,30
S8,MEN-S8F05,female,bonafide,30
S8,MEN-S8F05,female,spoof,30
S9,MEN-S9F01,female,bonafide,30
S9,MEN-S9F01,female,spoof,30
S9,MEN-S9F03,female,bonafide,30
S9,MEN-S9F03,female,spoof,30
S9,MEN-S9M02,male,bonafide,30
S9,MEN-S9M02,male,spoof,30
S9,MEN-S9M04,male,bonafide,30
S9,MEN-S9M04,male,spoof,30
S9,MEN-S9M05,male,bonafide,30
S9,MEN-S9M05,male,spoof,30
