dataset_id,descriptor,auc_spoof_high,separability,direction,n
BF-MOZ,sample_rate,0.0,1.0,lower=>spoof,5594
BF-MOZ,band_edge_hz,0.0004,0.9996,lower=>spoof,5594
BF-MOZ,dc_offset,0.0096,0.9904,lower=>spoof,5594
BF-MOZ,peak_abs,0.0184,0.9816,lower=>spoof,5594
BF-MOZ,leading_silence_sec,0.0285,0.9715,lower=>spoof,5594
BF-MOZ,lufs,0.1462,0.8538,lower=>spoof,5594
BF-MOZ,rms_dbfs,0.2644,0.7356,lower=>spoof,5594
BF-MOZ,zcr,0.7219,0.7219,higher=>spoof,5594
BF-MOZ,rolloff95_hz,0.3303,0.6697,lower=>spoof,5594
BF-MOZ,activity_ratio,0.35,0.65,lower=>spoof,5594
BF-MOZ,duration_sec,0.6486,0.6486,higher=>spoof,5594
BF-MOZ,rolloff99_hz,0.6405,0.6405,higher=>spoof,5594
BF-MOZ,file_size_bytes,0.3744,0.6256,lower=>spoof,5594
BF-MOZ,exact_zero_ratio,0.5725,0.5725,higher=>spoof,5594
BF-MOZ,trailing_silence_sec,0.5193,0.5193,higher=>spoof,5594
BF-MOZ,snr_proxy_db,0.484,0.516,lower=>spoof,5594
BF-MOZ,clip_ratio,0.4921,0.5079,lower=>spoof,5594
BF-SUST,trailing_silence_sec,1.0,1.0,higher=>spoof,19998
BF-SUST,exact_zero_ratio,0.9997,0.9997,higher=>spoof,19998
BF-SUST,dc_offset,0.0132,0.9868,lower=>spoof,19998
BF-SUST,activity_ratio,0.0852,0.9148,lower=>spoof,19998
BF-SUST,snr_proxy_db,0.9021,0.9021,higher=>spoof,19998
BF-SUST,peak_abs,0.7634,0.7634,higher=>spoof,19998
BF-SUST,lufs,0.711,0.711,higher=>spoof,19998
BF-SUST,zcr,0.3653,0.6347,lower=>spoof,19998
BF-SUST,duration_sec,0.6127,0.6127,higher=>spoof,19998
BF-SUST,file_size_bytes,0.6127,0.6127,higher=>spoof,19998
BF-SUST,leading_silence_sec,0.6017,0.6017,higher=>spoof,19998
BF-SUST,rolloff95_hz,0.4096,0.5904,lower=>spoof,19998
BF-SUST,rms_dbfs,0.4452,0.5548,lower=>spoof,19998
BF-SUST,rolloff99_hz,0.4549,0.5451,lower=>spoof,19998
BF-SUST,clip_ratio,0.4999,0.5001,lower=>spoof,19998
BF-SUST,sample_rate,0.5,0.5,higher=>spoof,19998
BF-SUST,band_edge_hz,0.5,0.5,higher=>spoof,19998
MEN,sample_rate,1.0,1.0,higher=>spoof,4500
MEN,band_edge_hz,1.0,1.0,higher=>spoof,4500
MEN,peak_abs,0.9941,0.9941,higher=>spoof,4500
MEN,file_size_bytes,0.9867,0.9867,higher=>spoof,4500
MEN,zcr,0.0226,0.9774,lower=>spoof,4500
MEN,clip_ratio,0.9228,0.9228,higher=>spoof,4500
MEN,lufs,0.9125,0.9125,higher=>spoof,4500
MEN,dc_offset,0.099,0.901,lower=>spoof,4500
MEN,rms_dbfs,0.8906,0.8906,higher=>spoof,4500
MEN,activity_ratio,0.1199,0.8801,lower=>spoof,4500
MEN,snr_proxy_db,0.8731,0.8731,higher=>spoof,4500
MEN,rolloff99_hz,0.2399,0.7601,lower=>spoof,4500
MEN,trailing_silence_sec,0.6155,0.6155,higher=>spoof,4500
MEN,leading_silence_sec,0.5963,0.5963,higher=>spoof,4500
MEN,duration_sec,0.5919,0.5919,higher=>spoof,4500
MEN,rolloff95_hz,0.4628,0.5372,lower=>spoof,4500
MEN,exact_zero_ratio,0.4738,0.5262,lower=>spoof,4500
