protocol,features,model,test_split,n,n_spoof,acc_at_train_eer_thr,auc,eer,false_positive_rate,note
split_P1,duration,LogisticRegression,external_BF-MOZ,5594.0,2797.0,0.6149,0.6486,0.3847,,
split_P1,duration,LogisticRegression,external_BF-NEWS,1000.0,0.0,0.845,,,0.155,
split_P1,duration,LogisticRegression,validation,2998.0,1499.0,0.5814,0.6158,0.4176,,
split_P1,duration,LogisticRegression,internal_test,2998.0,1499.0,0.5791,0.6158,0.4179,,
split_P1,duration,LogisticRegression,external_MEN,4500.0,2250.0,0.5036,0.5919,0.4593,,
split_P1,pad_fraction_6s,LogisticRegression,external_BF-MOZ,5594.0,2797.0,0.6149,0.6359,0.3847,,
split_P1,pad_fraction_6s,LogisticRegression,external_BF-NEWS,1000.0,0.0,0.845,,,0.155,
split_P1,pad_fraction_6s,LogisticRegression,validation,2998.0,1499.0,0.5814,0.616,0.4176,,
split_P1,pad_fraction_6s,LogisticRegression,internal_test,2998.0,1499.0,0.5791,0.6142,0.4179,,
split_P1,pad_fraction_6s,LogisticRegression,external_MEN,4500.0,2250.0,0.5036,0.5919,0.4593,,
split_P1,sample_rate,,,,,,,,,constant in training split (uninformative)
split_P1,bitrate,LogisticRegression,external_BF-MOZ,5594.0,2797.0,0.7866,1.0,0.0,,
split_P1,bitrate,LogisticRegression,external_BF-NEWS,1000.0,0.0,0.845,,,0.155,
split_P1,bitrate,LogisticRegression,validation,2998.0,1499.0,0.5814,0.6158,0.4176,,
split_P1,bitrate,LogisticRegression,internal_test,2998.0,1499.0,0.5791,0.6158,0.4179,,
split_P1,bitrate,LogisticRegression,external_MEN,4500.0,2250.0,0.0,0.0,1.0,,
split_P1,loudness,LogisticRegression,external_BF-MOZ,5594.0,2797.0,0.3615,0.0176,0.9381,,
split_P1,loudness,LogisticRegression,external_BF-NEWS,1000.0,0.0,0.143,,,0.857,
split_P1,loudness,LogisticRegression,validation,2998.0,1499.0,0.7708,0.8572,0.2318,,
split_P1,loudness,LogisticRegression,internal_test,2998.0,1499.0,0.7662,0.8565,0.2332,,
split_P1,loudness,LogisticRegression,external_MEN,4500.0,2250.0,0.6049,0.8016,0.2478,,
split_P1,silence,LogisticRegression,external_BF-MOZ,5594.0,2797.0,0.6425,0.4079,0.5999,,
split_P1,silence,LogisticRegression,external_BF-NEWS,1000.0,0.0,0.0,,,1.0,
split_P1,silence,LogisticRegression,validation,2998.0,1499.0,0.9997,1.0,0.0007,,
split_P1,silence,LogisticRegression,internal_test,2998.0,1499.0,1.0,1.0,0.0,,
split_P1,silence,LogisticRegression,external_MEN,4500.0,2250.0,0.4744,0.7054,0.3471,,
split_P1,bandwidth,LogisticRegression,external_BF-MOZ,5594.0,2797.0,0.6285,0.6593,0.3818,,
split_P1,bandwidth,LogisticRegression,external_BF-NEWS,1000.0,0.0,0.442,,,0.558,
split_P1,bandwidth,LogisticRegression,validation,2998.0,1499.0,0.565,0.5884,0.436,,
split_P1,bandwidth,LogisticRegression,internal_test,2998.0,1499.0,0.563,0.5905,0.4383,,
split_P1,bandwidth,LogisticRegression,external_MEN,4500.0,2250.0,0.4736,0.544,0.4802,,
split_P1,snr_proxy,LogisticRegression,external_BF-MOZ,5594.0,2797.0,0.6402,0.484,0.5824,,
split_P1,snr_proxy,LogisticRegression,external_BF-NEWS,1000.0,0.0,0.013,,,0.987,
split_P1,snr_proxy,LogisticRegression,validation,2998.0,1499.0,0.8072,0.8989,0.1918,,
split_P1,snr_proxy,LogisticRegression,internal_test,2998.0,1499.0,0.8162,0.9048,0.1845,,
split_P1,snr_proxy,LogisticRegression,external_MEN,4500.0,2250.0,0.4942,0.8731,0.1609,,
split_P1,all_metadata,HistGradientBoostingClassifier,external_BF-MOZ,5594.0,2797.0,0.786,0.9711,0.0309,,
split_P1,all_metadata,HistGradientBoostingClassifier,external_BF-NEWS,1000.0,0.0,0.0,,,1.0,
split_P1,all_metadata,HistGradientBoostingClassifier,validation,2998.0,1499.0,0.9997,1.0,0.0,,
split_P1,all_metadata,HistGradientBoostingClassifier,internal_test,2998.0,1499.0,1.0,1.0,0.0,,
split_P1,all_metadata,HistGradientBoostingClassifier,external_MEN,4500.0,2250.0,0.4976,0.8428,0.102,,
split_P2,duration,LogisticRegression,external_BF-MOZ,5594.0,2797.0,0.5431,0.6486,0.3847,,
split_P2,duration,LogisticRegression,external_BF-NEWS,1000.0,0.0,0.196,,,0.804,
split_P2,duration,LogisticRegression,external_BF-SUST,19998.0,9999.0,0.5795,0.6127,0.4219,,
split_P2,duration,LogisticRegression,internal_test,900.0,450.0,0.5889,0.6504,0.4411,,
split_P2,duration,LogisticRegression,validation,900.0,450.0,0.5356,0.5909,0.4289,,
split_P2,pad_fraction_6s,LogisticRegression,external_BF-MOZ,5594.0,2797.0,0.5431,0.6359,0.3847,,
split_P2,pad_fraction_6s,LogisticRegression,external_BF-NEWS,1000.0,0.0,0.196,,,0.804,
split_P2,pad_fraction_6s,LogisticRegression,external_BF-SUST,19998.0,9999.0,0.5795,0.6112,0.4219,,
split_P2,pad_fraction_6s,LogisticRegression,internal_test,900.0,450.0,0.5889,0.6504,0.4411,,
split_P2,pad_fraction_6s,LogisticRegression,validation,900.0,450.0,0.5356,0.5909,0.4289,,
split_P2,sample_rate,LogisticRegression,external_BF-MOZ,5594.0,2797.0,0.0,0.0,1.0,,
split_P2,sample_rate,LogisticRegression,external_BF-NEWS,1000.0,0.0,1.0,,,0.0,
split_P2,sample_rate,LogisticRegression,external_BF-SUST,19998.0,9999.0,0.5,0.5,0.5,,
split_P2,sample_rate,LogisticRegression,internal_test,900.0,450.0,1.0,1.0,0.0,,
split_P2,sample_rate,LogisticRegression,validation,900.0,450.0,1.0,1.0,0.0,,
split_P2,bitrate,LogisticRegression,external_BF-MOZ,5594.0,2797.0,0.0,0.0,1.0,,
split_P2,bitrate,LogisticRegression,external_BF-NEWS,1000.0,0.0,1.0,,,0.0,
split_P2,bitrate,LogisticRegression,external_BF-SUST,19998.0,9999.0,0.5,0.3873,0.5781,,
split_P2,bitrate,LogisticRegression,internal_test,900.0,450.0,1.0,1.0,0.0,,
split_P2,bitrate,LogisticRegression,validation,900.0,450.0,1.0,1.0,0.0,,
split_P2,loudness,LogisticRegression,external_BF-MOZ,5594.0,2797.0,0.4936,0.0186,0.953,,
split_P2,loudness,LogisticRegression,external_BF-NEWS,1000.0,0.0,1.0,,,0.0,
split_P2,loudness,LogisticRegression,external_BF-SUST,19998.0,9999.0,0.4999,0.7615,0.2996,,
split_P2,loudness,LogisticRegression,internal_test,900.0,450.0,0.9989,1.0,0.0011,,
split_P2,loudness,LogisticRegression,validation,900.0,450.0,0.9867,0.9931,0.0156,,
split_P2,silence,LogisticRegression,external_BF-MOZ,5594.0,2797.0,0.4551,0.5691,0.4292,,
split_P2,silence,LogisticRegression,external_BF-NEWS,1000.0,0.0,1.0,,,0.0,
split_P2,silence,LogisticRegression,external_BF-SUST,19998.0,9999.0,0.0183,0.0002,0.9993,,
split_P2,silence,LogisticRegression,internal_test,900.0,450.0,0.9356,0.9561,0.0478,,
split_P2,silence,LogisticRegression,validation,900.0,450.0,0.93,0.9514,0.07,,
split_P2,bandwidth,LogisticRegression,external_BF-MOZ,5594.0,2797.0,0.0002,0.0004,0.9998,,
split_P2,bandwidth,LogisticRegression,external_BF-NEWS,1000.0,0.0,1.0,,,0.0,
split_P2,bandwidth,LogisticRegression,external_BF-SUST,19998.0,9999.0,0.5,0.5487,0.4721,,
split_P2,bandwidth,LogisticRegression,internal_test,900.0,450.0,0.9967,1.0,0.0,,
split_P2,bandwidth,LogisticRegression,validation,900.0,450.0,0.9989,1.0,0.0,,
split_P2,snr_proxy,LogisticRegression,external_BF-MOZ,5594.0,2797.0,0.5132,0.484,0.5824,,
split_P2,snr_proxy,LogisticRegression,external_BF-NEWS,1000.0,0.0,0.001,,,0.999,
split_P2,snr_proxy,LogisticRegression,external_BF-SUST,19998.0,9999.0,0.5363,0.9021,0.1901,,
split_P2,snr_proxy,LogisticRegression,internal_test,900.0,450.0,0.7967,0.8104,0.1833,,
split_P2,snr_proxy,LogisticRegression,validation,900.0,450.0,0.8222,0.8489,0.2078,,
split_P2,all_metadata,HistGradientBoostingClassifier,external_BF-MOZ,5594.0,2797.0,0.5,0.5,0.5,,
split_P2,all_metadata,HistGradientBoostingClassifier,external_BF-NEWS,1000.0,0.0,0.0,,,1.0,
split_P2,all_metadata,HistGradientBoostingClassifier,external_BF-SUST,19998.0,9999.0,0.5,0.5,0.5,,
split_P2,all_metadata,HistGradientBoostingClassifier,internal_test,900.0,450.0,1.0,1.0,0.0,,
split_P2,all_metadata,HistGradientBoostingClassifier,validation,900.0,450.0,1.0,1.0,0.0,,
