protocol,scheme,features,model,test_split,n_windows,n_files,auc_window,auc_file,mean_p_spoof
P1,controlled,padding,logreg,external_BF-MOZ,7425,5594,0.6995,0.7031,
P1,controlled,padding,logreg,external_BF-NEWS,1042,1000,,,0.4655
P1,controlled,padding,logreg,external_MEN,4506,4500,0.6028,0.6017,
P1,controlled,padding,logreg,internal_test,4377,2998,0.5494,0.5699,
P1,controlled,padding,logreg,validation,4427,2998,0.5524,0.5719,
P1,controlled,padding,hgb,external_BF-MOZ,7425,5594,0.6614,0.6609,
P1,controlled,padding,hgb,external_BF-NEWS,1042,1000,,,0.4815
P1,controlled,padding,hgb,external_MEN,4506,4500,0.5788,0.5777,
P1,controlled,padding,hgb,internal_test,4377,2998,0.5425,0.5577,
P1,controlled,padding,hgb,validation,4427,2998,0.5542,0.5702,
P1,controlled,silence_level,logreg,external_BF-MOZ,7425,5594,0.8269,0.8198,
P1,controlled,silence_level,logreg,external_BF-NEWS,1042,1000,,,0.6399
P1,controlled,silence_level,logreg,external_MEN,4506,4500,0.2195,0.2187,
P1,controlled,silence_level,logreg,internal_test,4377,2998,0.7377,0.7667,
P1,controlled,silence_level,logreg,validation,4427,2998,0.7252,0.7544,
P1,controlled,silence_level,hgb,external_BF-MOZ,7425,5594,0.9125,0.9088,
P1,controlled,silence_level,hgb,external_BF-NEWS,1042,1000,,,0.671
P1,controlled,silence_level,hgb,external_MEN,4506,4500,0.3108,0.3106,
P1,controlled,silence_level,hgb,internal_test,4377,2998,0.8629,0.8738,
P1,controlled,silence_level,hgb,validation,4427,2998,0.8679,0.8776,
P1,controlled,spectral_balance,logreg,external_BF-MOZ,7425,5594,0.5059,0.5086,
P1,controlled,spectral_balance,logreg,external_BF-NEWS,1042,1000,,,0.5475
P1,controlled,spectral_balance,logreg,external_MEN,4506,4500,0.2516,0.2518,
P1,controlled,spectral_balance,logreg,internal_test,4377,2998,0.6443,0.6167,
P1,controlled,spectral_balance,logreg,validation,4427,2998,0.6573,0.6262,
P1,controlled,spectral_balance,hgb,external_BF-MOZ,7425,5594,0.7077,0.7183,
P1,controlled,spectral_balance,hgb,external_BF-NEWS,1042,1000,,,0.5551
P1,controlled,spectral_balance,hgb,external_MEN,4506,4500,0.5536,0.5539,
P1,controlled,spectral_balance,hgb,internal_test,4377,2998,0.7103,0.6919,
P1,controlled,spectral_balance,hgb,validation,4427,2998,0.7217,0.7073,
P1,controlled,all,logreg,external_BF-MOZ,7425,5594,0.9191,0.9196,
P1,controlled,all,logreg,external_BF-NEWS,1042,1000,,,0.7411
P1,controlled,all,logreg,external_MEN,4506,4500,0.2556,0.2555,
P1,controlled,all,logreg,internal_test,4377,2998,0.8497,0.8602,
P1,controlled,all,logreg,validation,4427,2998,0.8552,0.8639,
P1,controlled,all,hgb,external_BF-MOZ,7425,5594,0.9479,0.9533,
P1,controlled,all,hgb,external_BF-NEWS,1042,1000,,,0.7819
P1,controlled,all,hgb,external_MEN,4506,4500,0.4437,0.4436,
P1,controlled,all,hgb,internal_test,4377,2998,0.9196,0.9259,
P1,controlled,all,hgb,validation,4427,2998,0.9321,0.9372,
P1,orig6s,padding,logreg,external_BF-MOZ,5661,5594,0.5383,0.5417,
P1,orig6s,padding,logreg,external_BF-NEWS,1004,1000,,,0.9488
P1,orig6s,padding,logreg,external_MEN,4500,4500,0.5831,0.5831,
P1,orig6s,padding,logreg,internal_test,3121,2998,0.8973,0.9075,
P1,orig6s,padding,logreg,validation,3155,2998,0.8885,0.9019,
P1,orig6s,padding,hgb,external_BF-MOZ,5661,5594,0.53,0.5317,
P1,orig6s,padding,hgb,external_BF-NEWS,1004,1000,,,0.9684
P1,orig6s,padding,hgb,external_MEN,4500,4500,0.5066,0.5066,
P1,orig6s,padding,hgb,internal_test,3121,2998,0.9005,0.9105,
P1,orig6s,padding,hgb,validation,3155,2998,0.8941,0.9066,
P1,orig6s,silence_level,logreg,external_BF-MOZ,5661,5594,0.9906,0.9904,
P1,orig6s,silence_level,logreg,external_BF-NEWS,1004,1000,,,0.8908
P1,orig6s,silence_level,logreg,external_MEN,4500,4500,0.8988,0.8988,
P1,orig6s,silence_level,logreg,internal_test,3121,2998,0.988,0.9883,
P1,orig6s,silence_level,logreg,validation,3155,2998,0.9868,0.9906,
P1,orig6s,silence_level,hgb,external_BF-MOZ,5661,5594,0.9934,0.9933,
P1,orig6s,silence_level,hgb,external_BF-NEWS,1004,1000,,,0.9144
P1,orig6s,silence_level,hgb,external_MEN,4500,4500,0.9557,0.9557,
P1,orig6s,silence_level,hgb,internal_test,3121,2998,0.993,0.9929,
P1,orig6s,silence_level,hgb,validation,3155,2998,0.9917,0.9931,
P1,orig6s,spectral_balance,logreg,external_BF-MOZ,5661,5594,0.8312,0.832,
P1,orig6s,spectral_balance,logreg,external_BF-NEWS,1004,1000,,,0.5363
P1,orig6s,spectral_balance,logreg,external_MEN,4500,4500,0.5343,0.5343,
P1,orig6s,spectral_balance,logreg,internal_test,3121,2998,0.5824,0.5819,
P1,orig6s,spectral_balance,logreg,validation,3155,2998,0.5896,0.5886,
P1,orig6s,spectral_balance,hgb,external_BF-MOZ,5661,5594,0.8593,0.8595,
P1,orig6s,spectral_balance,hgb,external_BF-NEWS,1004,1000,,,0.5661
P1,orig6s,spectral_balance,hgb,external_MEN,4500,4500,0.4052,0.4052,
P1,orig6s,spectral_balance,hgb,internal_test,3121,2998,0.6632,0.6641,
P1,orig6s,spectral_balance,hgb,validation,3155,2998,0.6567,0.6583,
P1,orig6s,all,logreg,external_BF-MOZ,5661,5594,0.9242,0.9242,
P1,orig6s,all,logreg,external_BF-NEWS,1004,1000,,,0.9808
P1,orig6s,all,logreg,external_MEN,4500,4500,0.8455,0.8455,
P1,orig6s,all,logreg,internal_test,3121,2998,0.9954,0.9957,
P1,orig6s,all,logreg,validation,3155,2998,0.9978,0.998,
P1,orig6s,all,hgb,external_BF-MOZ,5661,5594,0.9987,0.9987,
P1,orig6s,all,hgb,external_BF-NEWS,1004,1000,,,0.9809
P1,orig6s,all,hgb,external_MEN,4500,4500,0.9475,0.9475,
P1,orig6s,all,hgb,internal_test,3121,2998,0.9996,0.9996,
P1,orig6s,all,hgb,validation,3155,2998,0.9987,0.9993,
P1,trim_repeat,padding,logreg,external_BF-MOZ,7425,5594,0.5504,0.5558,
P1,trim_repeat,padding,logreg,external_BF-NEWS,1042,1000,,,0.4681
P1,trim_repeat,padding,logreg,external_MEN,4506,4500,0.6028,0.6017,
P1,trim_repeat,padding,logreg,internal_test,4377,2998,0.5507,0.5711,
P1,trim_repeat,padding,logreg,validation,4427,2998,0.5524,0.5719,
P1,trim_repeat,padding,hgb,external_BF-MOZ,7425,5594,0.5204,0.5211,
P1,trim_repeat,padding,hgb,external_BF-NEWS,1042,1000,,,0.484
P1,trim_repeat,padding,hgb,external_MEN,4506,4500,0.579,0.5779,
P1,trim_repeat,padding,hgb,internal_test,4377,2998,0.544,0.5594,
P1,trim_repeat,padding,hgb,validation,4427,2998,0.5544,0.5707,
P1,trim_repeat,silence_level,logreg,external_BF-MOZ,7425,5594,0.9903,0.9885,
P1,trim_repeat,silence_level,logreg,external_BF-NEWS,1042,1000,,,0.9032
P1,trim_repeat,silence_level,logreg,external_MEN,4506,4500,0.8937,0.8939,
P1,trim_repeat,silence_level,logreg,internal_test,4377,2998,0.9885,0.9882,
P1,trim_repeat,silence_level,logreg,validation,4427,2998,0.9885,0.9894,
P1,trim_repeat,silence_level,hgb,external_BF-MOZ,7425,5594,0.9978,0.9977,
P1,trim_repeat,silence_level,hgb,external_BF-NEWS,1042,1000,,,0.912
P1,trim_repeat,silence_level,hgb,external_MEN,4506,4500,0.9116,0.9118,
P1,trim_repeat,silence_level,hgb,internal_test,4377,2998,0.9931,0.9938,
P1,trim_repeat,silence_level,hgb,validation,4427,2998,0.9926,0.9932,
P1,trim_repeat,spectral_balance,logreg,external_BF-MOZ,7425,5594,0.7485,0.7577,
P1,trim_repeat,spectral_balance,logreg,external_BF-NEWS,1042,1000,,,0.5427
P1,trim_repeat,spectral_balance,logreg,external_MEN,4506,4500,0.5818,0.5815,
P1,trim_repeat,spectral_balance,logreg,internal_test,4377,2998,0.5812,0.5796,
P1,trim_repeat,spectral_balance,logreg,validation,4427,2998,0.5831,0.5829,
P1,trim_repeat,spectral_balance,hgb,external_BF-MOZ,7425,5594,0.8227,0.8433,
P1,trim_repeat,spectral_balance,hgb,external_BF-NEWS,1042,1000,,,0.5748
P1,trim_repeat,spectral_balance,hgb,external_MEN,4506,4500,0.4258,0.4256,
P1,trim_repeat,spectral_balance,hgb,internal_test,4377,2998,0.6553,0.6611,
P1,trim_repeat,spectral_balance,hgb,validation,4427,2998,0.6654,0.6679,
P1,trim_repeat,all,logreg,external_BF-MOZ,7425,5594,0.9715,0.9713,
P1,trim_repeat,all,logreg,external_BF-NEWS,1042,1000,,,0.9215
P1,trim_repeat,all,logreg,external_MEN,4506,4500,0.8532,0.8532,
P1,trim_repeat,all,logreg,internal_test,4377,2998,0.9898,0.9895,
P1,trim_repeat,all,logreg,validation,4427,2998,0.9931,0.9917,
P1,trim_repeat,all,hgb,external_BF-MOZ,7425,5594,0.9999,0.9998,
P1,trim_repeat,all,hgb,external_BF-NEWS,1042,1000,,,0.9438
P1,trim_repeat,all,hgb,external_MEN,4506,4500,0.9412,0.9412,
P1,trim_repeat,all,hgb,internal_test,4377,2998,0.9977,0.9978,
P1,trim_repeat,all,hgb,validation,4427,2998,0.9957,0.9974,
P2,controlled,padding,logreg,external_BF-MOZ,7425,5594,0.6995,0.7031,
P2,controlled,padding,logreg,external_BF-NEWS,1042,1000,,,0.6005
P2,controlled,padding,logreg,external_BF-SUST,29567,19998,0.5506,0.5688,
P2,controlled,padding,logreg,internal_test,903,900,0.6801,0.678,
P2,controlled,padding,logreg,validation,900,900,0.6219,0.6219,
P2,controlled,padding,hgb,external_BF-MOZ,7425,5594,0.6818,0.6837,
P2,controlled,padding,hgb,external_BF-NEWS,1042,1000,,,0.7597
P2,controlled,padding,hgb,external_BF-SUST,29567,19998,0.5483,0.5636,
P2,controlled,padding,hgb,internal_test,903,900,0.8669,0.866,
P2,controlled,padding,hgb,validation,900,900,0.8358,0.8358,
P2,controlled,silence_level,logreg,external_BF-MOZ,7425,5594,0.8485,0.8521,
P2,controlled,silence_level,logreg,external_BF-NEWS,1042,1000,,,0.9753
P2,controlled,silence_level,logreg,external_BF-SUST,29567,19998,0.3544,0.3995,
P2,controlled,silence_level,logreg,internal_test,903,900,0.9032,0.9027,
P2,controlled,silence_level,logreg,validation,900,900,0.8863,0.8863,
P2,controlled,silence_level,hgb,external_BF-MOZ,7425,5594,0.5798,0.6071,
P2,controlled,silence_level,hgb,external_BF-NEWS,1042,1000,,,0.7748
P2,controlled,silence_level,hgb,external_BF-SUST,29567,19998,0.4973,0.5124,
P2,controlled,silence_level,hgb,internal_test,903,900,0.9613,0.9612,
P2,controlled,silence_level,hgb,validation,900,900,0.9499,0.9499,
P2,controlled,spectral_balance,logreg,external_BF-MOZ,7425,5594,0.4322,0.4381,
P2,controlled,spectral_balance,logreg,external_BF-NEWS,1042,1000,,,0.4401
P2,controlled,spectral_balance,logreg,external_BF-SUST,29567,19998,0.5949,0.5781,
P2,controlled,spectral_balance,logreg,internal_test,903,900,0.8274,0.8273,
P2,controlled,spectral_balance,logreg,validation,900,900,0.8647,0.8647,
P2,controlled,spectral_balance,hgb,external_BF-MOZ,7425,5594,0.6593,0.6707,
P2,controlled,spectral_balance,hgb,external_BF-NEWS,1042,1000,,,0.0731
P2,controlled,spectral_balance,hgb,external_BF-SUST,29567,19998,0.559,0.5471,
P2,controlled,spectral_balance,hgb,internal_test,903,900,0.9374,0.9374,
P2,controlled,spectral_balance,hgb,validation,900,900,0.9441,0.9441,
P2,controlled,all,logreg,external_BF-MOZ,7425,5594,0.9183,0.9269,
P2,controlled,all,logreg,external_BF-NEWS,1042,1000,,,0.9205
P2,controlled,all,logreg,external_BF-SUST,29567,19998,0.6577,0.6604,
P2,controlled,all,logreg,internal_test,903,900,0.9746,0.9744,
P2,controlled,all,logreg,validation,900,900,0.9472,0.9472,
P2,controlled,all,hgb,external_BF-MOZ,7425,5594,0.8696,0.8826,
P2,controlled,all,hgb,external_BF-NEWS,1042,1000,,,0.3781
P2,controlled,all,hgb,external_BF-SUST,29567,19998,0.575,0.5829,
P2,controlled,all,hgb,internal_test,903,900,0.9893,0.9893,
P2,controlled,all,hgb,validation,900,900,0.9833,0.9833,
P2,orig6s,padding,logreg,external_BF-MOZ,5661,5594,1.0,1.0,
P2,orig6s,padding,logreg,external_BF-NEWS,1004,1000,,,0.7071
P2,orig6s,padding,logreg,external_BF-SUST,20942,19998,0.6604,0.6667,
P2,orig6s,padding,logreg,internal_test,900,900,0.6675,0.6675,
P2,orig6s,padding,logreg,validation,900,900,0.591,0.591,
P2,orig6s,padding,hgb,external_BF-MOZ,5661,5594,0.966,0.9652,
P2,orig6s,padding,hgb,external_BF-NEWS,1004,1000,,,0.8229
P2,orig6s,padding,hgb,external_BF-SUST,20942,19998,0.5727,0.5752,
P2,orig6s,padding,hgb,internal_test,900,900,0.928,0.928,
P2,orig6s,padding,hgb,validation,900,900,0.9241,0.9241,
P2,orig6s,silence_level,logreg,external_BF-MOZ,5661,5594,0.5605,0.5534,
P2,orig6s,silence_level,logreg,external_BF-NEWS,1004,1000,,,0.546
P2,orig6s,silence_level,logreg,external_BF-SUST,20942,19998,0.5797,0.5841,
P2,orig6s,silence_level,logreg,internal_test,900,900,0.8067,0.8067,
P2,orig6s,silence_level,logreg,validation,900,900,0.6918,0.6918,
P2,orig6s,silence_level,hgb,external_BF-MOZ,5661,5594,0.932,0.9306,
P2,orig6s,silence_level,hgb,external_BF-NEWS,1004,1000,,,0.5731
P2,orig6s,silence_level,hgb,external_BF-SUST,20942,19998,0.8966,0.8956,
P2,orig6s,silence_level,hgb,internal_test,900,900,0.9839,0.9839,
P2,orig6s,silence_level,hgb,validation,900,900,0.9863,0.9863,
P2,orig6s,spectral_balance,logreg,external_BF-MOZ,5661,5594,0.7151,0.7155,
P2,orig6s,spectral_balance,logreg,external_BF-NEWS,1004,1000,,,0.3702
P2,orig6s,spectral_balance,logreg,external_BF-SUST,20942,19998,0.5731,0.572,
P2,orig6s,spectral_balance,logreg,internal_test,900,900,0.852,0.852,
P2,orig6s,spectral_balance,logreg,validation,900,900,0.904,0.904,
P2,orig6s,spectral_balance,hgb,external_BF-MOZ,5661,5594,0.7,0.7014,
P2,orig6s,spectral_balance,hgb,external_BF-NEWS,1004,1000,,,0.0092
P2,orig6s,spectral_balance,hgb,external_BF-SUST,20942,19998,0.5336,0.5322,
P2,orig6s,spectral_balance,hgb,internal_test,900,900,0.9258,0.9258,
P2,orig6s,spectral_balance,hgb,validation,900,900,0.9427,0.9427,
P2,orig6s,all,logreg,external_BF-MOZ,5661,5594,0.8922,0.8897,
P2,orig6s,all,logreg,external_BF-NEWS,1004,1000,,,0.8804
P2,orig6s,all,logreg,external_BF-SUST,20942,19998,0.6737,0.6792,
P2,orig6s,all,logreg,internal_test,900,900,0.9011,0.9011,
P2,orig6s,all,logreg,validation,900,900,0.9208,0.9208,
P2,orig6s,all,hgb,external_BF-MOZ,5661,5594,0.9922,0.9921,
P2,orig6s,all,hgb,external_BF-NEWS,1004,1000,,,0.5261
P2,orig6s,all,hgb,external_BF-SUST,20942,19998,0.9696,0.9693,
P2,orig6s,all,hgb,internal_test,900,900,0.9977,0.9977,
P2,orig6s,all,hgb,validation,900,900,0.9977,0.9977,
P2,trim_repeat,padding,logreg,external_BF-MOZ,7425,5594,0.6995,0.7031,
P2,trim_repeat,padding,logreg,external_BF-NEWS,1042,1000,,,0.6005
P2,trim_repeat,padding,logreg,external_BF-SUST,29567,19998,0.5506,0.5688,
P2,trim_repeat,padding,logreg,internal_test,903,900,0.6801,0.678,
P2,trim_repeat,padding,logreg,validation,900,900,0.6219,0.6219,
P2,trim_repeat,padding,hgb,external_BF-MOZ,7425,5594,0.6818,0.6837,
P2,trim_repeat,padding,hgb,external_BF-NEWS,1042,1000,,,0.7597
P2,trim_repeat,padding,hgb,external_BF-SUST,29567,19998,0.5483,0.5636,
P2,trim_repeat,padding,hgb,internal_test,903,900,0.8669,0.866,
P2,trim_repeat,padding,hgb,validation,900,900,0.8358,0.8358,
P2,trim_repeat,silence_level,logreg,external_BF-MOZ,7425,5594,0.8647,0.8649,
P2,trim_repeat,silence_level,logreg,external_BF-NEWS,1042,1000,,,0.979
P2,trim_repeat,silence_level,logreg,external_BF-SUST,29567,19998,0.6901,0.7222,
P2,trim_repeat,silence_level,logreg,internal_test,903,900,0.8922,0.8918,
P2,trim_repeat,silence_level,logreg,validation,900,900,0.8689,0.8689,
P2,trim_repeat,silence_level,hgb,external_BF-MOZ,7425,5594,0.9902,0.9908,
P2,trim_repeat,silence_level,hgb,external_BF-NEWS,1042,1000,,,0.9447
P2,trim_repeat,silence_level,hgb,external_BF-SUST,29567,19998,0.9639,0.9626,
P2,trim_repeat,silence_level,hgb,internal_test,903,900,0.9911,0.9911,
P2,trim_repeat,silence_level,hgb,validation,900,900,0.9967,0.9967,
P2,trim_repeat,spectral_balance,logreg,external_BF-MOZ,7425,5594,0.6252,0.6353,
P2,trim_repeat,spectral_balance,logreg,external_BF-NEWS,1042,1000,,,0.4065
P2,trim_repeat,spectral_balance,logreg,external_BF-SUST,29567,19998,0.5735,0.5693,
P2,trim_repeat,spectral_balance,logreg,internal_test,903,900,0.8403,0.8397,
P2,trim_repeat,spectral_balance,logreg,validation,900,900,0.8908,0.8908,
P2,trim_repeat,spectral_balance,hgb,external_BF-MOZ,7425,5594,0.7216,0.7301,
P2,trim_repeat,spectral_balance,hgb,external_BF-NEWS,1042,1000,,,0.0117
P2,trim_repeat,spectral_balance,hgb,external_BF-SUST,29567,19998,0.5185,0.5166,
P2,trim_repeat,spectral_balance,hgb,internal_test,903,900,0.927,0.9269,
P2,trim_repeat,spectral_balance,hgb,validation,900,900,0.9476,0.9476,
P2,trim_repeat,all,logreg,external_BF-MOZ,7425,5594,0.883,0.8842,
P2,trim_repeat,all,logreg,external_BF-NEWS,1042,1000,,,0.9712
P2,trim_repeat,all,logreg,external_BF-SUST,29567,19998,0.6896,0.7126,
P2,trim_repeat,all,logreg,internal_test,903,900,0.9606,0.9603,
P2,trim_repeat,all,logreg,validation,900,900,0.944,0.944,
P2,trim_repeat,all,hgb,external_BF-MOZ,7425,5594,0.9948,0.9953,
P2,trim_repeat,all,hgb,external_BF-NEWS,1042,1000,,,0.5712
P2,trim_repeat,all,hgb,external_BF-SUST,29567,19998,0.9825,0.9826,
P2,trim_repeat,all,hgb,internal_test,903,900,0.9971,0.9971,
P2,trim_repeat,all,hgb,validation,900,900,0.9994,0.9994,
