scheme,dataset_id,label,pad_fraction,floor_frame_ratio,lead_floor_frac,trail_floor_frac,quiet_frame_ratio,noise_floor_db,dc,clip_ratio,lf_ratio,hf_ratio,centroid_hz
controlled,BF-MOZ,0,0.2592,0.0,0.0,0.0,0.0691,-36.695,0.0,0.0,0.0001,0.0035,951.2498
controlled,BF-MOZ,1,0.0,0.0,0.0,0.0,0.2553,-49.5413,0.0,0.0,0.0006,0.006,928.2697
controlled,BF-NEWS,0,0.3108,0.0,0.0,0.0,0.2606,-49.8178,0.0,0.0,0.001,0.0072,939.6865
controlled,BF-SUST,0,0.0,0.0,0.0,0.0,0.2021,-50.7412,-0.0,0.0,0.0004,0.0061,1067.2964
controlled,BF-SUST,1,0.0,0.0,0.0,0.0,0.2447,-49.2368,-0.0,0.0,0.0005,0.0055,926.6944
controlled,MEN,0,0.4675,0.0,0.0,0.0,0.0,-22.7321,-0.0,0.0,0.0024,0.0132,688.5236
controlled,MEN,1,0.4408,0.0,0.0,0.0,0.0532,-36.7703,0.0,0.0,0.0111,0.0027,519.0289
orig6s,BF-MOZ,0,0.16,0.2553,0.0106,0.1915,0.3989,-243.8221,-0.0,0.0,0.0001,0.0038,893.0646
orig6s,BF-MOZ,1,0.0,0.0213,0.0,0.0213,0.3298,-61.9783,-0.0008,0.0,0.0007,0.0061,688.0812
orig6s,BF-NEWS,0,0.2317,0.3032,0.0,0.3032,0.5,-246.8286,-0.0006,0.0,0.001,0.0075,677.0636
orig6s,BF-SUST,0,0.1152,0.1117,0.0,0.1117,0.3138,-243.5958,-0.0001,0.0,0.0004,0.0061,758.8541
orig6s,BF-SUST,1,0.0,0.0,0.0,0.0,0.3191,-61.2512,-0.0008,0.0,0.0005,0.0056,710.0878
orig6s,MEN,0,0.45,0.4415,0.0,0.4415,0.4628,-244.9027,-0.0,0.0,0.0026,0.0136,672.0639
orig6s,MEN,1,0.4333,0.4255,0.0,0.4255,0.4734,-244.5467,-0.0015,0.0,0.0124,0.0027,440.3549
trim_repeat,BF-MOZ,0,0.2592,0.0,0.0,0.0,0.0691,-36.8189,-0.0,0.0,0.0001,0.0035,831.1129
trim_repeat,BF-MOZ,1,0.0,0.0,0.0,0.0,0.2553,-58.6612,-0.0009,0.0,0.0007,0.006,690.9883
trim_repeat,BF-NEWS,0,0.3108,0.0,0.0,0.0,0.266,-59.3819,-0.0009,0.0,0.001,0.0072,677.4484
trim_repeat,BF-SUST,0,0.0,0.0,0.0,0.0,0.2021,-54.3637,-0.0001,0.0,0.0004,0.006,757.9685
trim_repeat,BF-SUST,1,0.0,0.0,0.0,0.0,0.2447,-57.7443,-0.0009,0.0,0.0005,0.0055,708.3258
trim_repeat,MEN,0,0.4675,0.0,0.0,0.0,0.0,-23.1096,-0.0001,0.0,0.0024,0.0132,676.3271
trim_repeat,MEN,1,0.4408,0.0,0.0,0.0,0.0585,-37.0698,-0.0026,0.0,0.0119,0.0026,457.3383
